Model_Name,Algorithm,Gamma,Frequency,Version,Episode,Total_Reward,Episode_Length,Avg_Speed,Crashed
Optimized_1Hz_Gamma93_target_150,QRDQN,0.9,1Hz,No,1,-15.0,24,20.09547044970813,1
Optimized_1Hz_Gamma93_target_150,QRDQN,0.9,1Hz,No,2,0.0,60,20.01717583420425,0
Optimized_1Hz_Gamma93_target_150,QRDQN,0.9,1Hz,No,3,0.0,60,20.100509167537577,0
Optimized_1Hz_Gamma93_target_150,QRDQN,0.9,1Hz,No,4,0.0,60,20.43384250087091,0
Optimized_1Hz_Gamma93_target_150,QRDQN,0.9,1Hz,No,5,0.0,60,20.35050881288436,0
Optimized_1Hz_Gamma93_target_150,QRDQN,0.9,1Hz,No,6,0.0,60,20.01717583420425,0
Optimized_1Hz_Gamma93_target_150,QRDQN,0.9,1Hz,No,7,0.0,60,20.01717583420425,0
Optimized_1Hz_Gamma93_target_150,QRDQN,0.9,1Hz,No,8,0.0,60,20.100509167537574,0
Optimized_1Hz_Gamma93_target_150,QRDQN,0.9,1Hz,No,9,0.23415100859691265,60,20.350509167537577,0
Optimized_1Hz_Gamma93_target_150,QRDQN,0.9,1Hz,No,10,0.0,60,20.100509167537567,0
Optimized_1Hz_Gamma93_target_150,QRDQN,0.9,1Hz,No,11,0.0,60,20.01717583420425,0
Optimized_1Hz_Gamma93_target_150,QRDQN,0.9,1Hz,No,12,0.0,60,20.10050910693152,0
Optimized_1Hz_Gamma93_target_150,QRDQN,0.9,1Hz,No,13,-15.0,9,20.134137938271905,1
Optimized_1Hz_Gamma93_target_150,QRDQN,0.9,1Hz,No,14,0.0,60,20.01717583420425,0
Optimized_1Hz_Gamma93_target_150,QRDQN,0.9,1Hz,No,15,0.0,60,20.100509167537584,0
Optimized_1Hz_Gamma93_target_150,QRDQN,0.9,1Hz,No,16,0.0,60,20.01717583420425,0
Optimized_1Hz_Gamma93_target_150,QRDQN,0.9,1Hz,No,17,0.0,60,20.100509167537584,0
Optimized_1Hz_Gamma93_target_150,QRDQN,0.9,1Hz,No,18,0.0,60,20.18384250081039,0
Optimized_1Hz_Gamma93_target_150,QRDQN,0.9,1Hz,No,19,0.0,60,20.100509167537574,0
Optimized_1Hz_Gamma93_target_150,QRDQN,0.9,1Hz,No,20,0.0,60,20.100509167537574,0
Optimized_1Hz_Gamma93_target_150,QRDQN,0.9,1Hz,No,21,0.0,60,20.01717583420425,0
Optimized_1Hz_Gamma93_target_150,QRDQN,0.9,1Hz,No,22,0.0,60,20.100509167537584,0
Optimized_1Hz_Gamma93_target_150,QRDQN,0.9,1Hz,No,23,0.0,60,20.01717583420425,0
Optimized_1Hz_Gamma93_target_150,QRDQN,0.9,1Hz,No,24,0.0,60,20.26716368970617,0
Optimized_1Hz_Gamma93_target_150,QRDQN,0.9,1Hz,No,25,-15.0,2,20.500227558399445,1
Optimized_1Hz_Gamma93_target_150,QRDQN,0.9,1Hz,No,26,0.2341510023852697,60,20.350509167537574,0
Optimized_1Hz_Gamma93_target_150,QRDQN,0.9,1Hz,No,27,0.0,60,20.18384250087091,0
Optimized_1Hz_Gamma93_target_150,QRDQN,0.9,1Hz,No,28,-15.0,33,20.157438242012446,1
Optimized_1Hz_Gamma93_target_150,QRDQN,0.9,1Hz,No,29,0.0,60,20.100509167537574,0
Optimized_1Hz_Gamma93_target_150,QRDQN,0.9,1Hz,No,30,0.0,60,20.100509167537584,0
Optimized_1Hz_Gamma93_target_150,QRDQN,0.9,1Hz,No,31,0.0,60,20.183842500870906,0
Optimized_1Hz_Gamma93_target_150,QRDQN,0.9,1Hz,No,32,0.0,60,20.01717583420425,0
Optimized_1Hz_Gamma93_target_150,QRDQN,0.9,1Hz,No,33,0.0,60,20.18384250087091,0
Optimized_1Hz_Gamma93_target_150,QRDQN,0.9,1Hz,No,34,0.0,60,20.01717583420425,0
Optimized_1Hz_Gamma93_target_150,QRDQN,0.9,1Hz,No,35,0.0,60,20.100509167537584,0
Optimized_1Hz_Gamma93_target_150,QRDQN,0.9,1Hz,No,36,0.0,60,20.100509167537584,0
Optimized_1Hz_Gamma93_target_150,QRDQN,0.9,1Hz,No,37,0.0,60,20.01717583420425,0
Optimized_1Hz_Gamma93_target_150,QRDQN,0.9,1Hz,No,38,-15.0,2,22.662962962962965,1
Optimized_1Hz_Gamma93_target_150,QRDQN,0.9,1Hz,No,39,0.0,60,20.100509167537577,0
Optimized_1Hz_Gamma93_target_150,QRDQN,0.9,1Hz,No,40,0.0,60,20.01717583420425,0
Optimized_1Hz_Gamma93_target_150,QRDQN,0.9,1Hz,No,41,-15.0,26,19.84856871374518,1
Optimized_1Hz_Gamma93_target_150,QRDQN,0.9,1Hz,No,42,0.0,60,20.01717583420425,0
Optimized_1Hz_Gamma93_target_150,QRDQN,0.9,1Hz,No,43,0.0,60,20.01717583420425,0
Optimized_1Hz_Gamma93_target_150,QRDQN,0.9,1Hz,No,44,0.0,60,20.01717583420425,0
Optimized_1Hz_Gamma93_target_150,QRDQN,0.9,1Hz,No,45,0.0,60,20.100509167537574,0
Optimized_1Hz_Gamma93_target_150,QRDQN,0.9,1Hz,No,46,0.0,60,20.01717583420425,0
Optimized_1Hz_Gamma93_target_150,QRDQN,0.9,1Hz,No,47,0.0,60,20.01717583420425,0
Optimized_1Hz_Gamma93_target_150,QRDQN,0.9,1Hz,No,48,0.0,60,20.100509167537574,0
Optimized_1Hz_Gamma93_target_150,QRDQN,0.9,1Hz,No,49,0.0,60,20.01717583420425,0
Optimized_1Hz_Gamma93_target_150,QRDQN,0.9,1Hz,No,50,0.0,60,20.100509167537584,0
Optimized_1Hz_Gamma93_target_150,QRDQN,0.9,1Hz,No,51,0.0,60,20.01717583420425,0
Optimized_1Hz_Gamma93_target_150,QRDQN,0.9,1Hz,No,52,-15.0,18,20.0572527806808,1
Optimized_1Hz_Gamma93_target_150,QRDQN,0.9,1Hz,No,53,0.0,60,20.100509167537574,0
Optimized_1Hz_Gamma93_target_150,QRDQN,0.9,1Hz,No,54,0.0,60,20.35050916753752,0
Optimized_1Hz_Gamma93_target_150,QRDQN,0.9,1Hz,No,55,0.0,60,20.01717583420425,0
Optimized_1Hz_Gamma93_target_150,QRDQN,0.9,1Hz,No,56,0.0,60,20.01717583420425,0
Optimized_1Hz_Gamma93_target_150,QRDQN,0.9,1Hz,No,57,0.0,60,20.01717583420425,0
Optimized_1Hz_Gamma93_target_150,QRDQN,0.9,1Hz,No,58,0.0,60,20.01717583420425,0
Optimized_1Hz_Gamma93_target_150,QRDQN,0.9,1Hz,No,59,0.0,60,20.01717583420425,0
Optimized_1Hz_Gamma93_target_150,QRDQN,0.9,1Hz,No,60,0.0,60,20.01717583420425,0
Optimized_1Hz_Gamma93_target_150,QRDQN,0.9,1Hz,No,61,0.23415100237996764,60,20.43384250087091,0
Optimized_1Hz_Gamma93_target_150,QRDQN,0.9,1Hz,No,62,0.0,60,20.01717583420425,0
Optimized_1Hz_Gamma93_target_150,QRDQN,0.9,1Hz,No,63,0.0,60,20.100509167537574,0
Optimized_1Hz_Gamma93_target_150,QRDQN,0.9,1Hz,No,64,0.0,60,20.01717583420425,0
Optimized_1Hz_Gamma93_target_150,QRDQN,0.9,1Hz,No,65,0.0,60,20.01717583420425,0
Optimized_1Hz_Gamma93_target_150,QRDQN,0.9,1Hz,No,66,-15.0,53,19.880063356711332,1
Optimized_1Hz_Gamma93_target_150,QRDQN,0.9,1Hz,No,67,0.0,60,20.01717583420425,0
Optimized_1Hz_Gamma93_target_150,QRDQN,0.9,1Hz,No,68,-15.0,29,19.6083916519207,1
Optimized_1Hz_Gamma93_target_150,QRDQN,0.9,1Hz,No,69,0.0,60,20.01717583420425,0
Optimized_1Hz_Gamma93_target_150,QRDQN,0.9,1Hz,No,70,0.0,60,20.01717583420425,0
Optimized_1Hz_Gamma93_target_150,QRDQN,0.9,1Hz,No,71,0.0,60,20.100509167537577,0
Optimized_1Hz_Gamma93_target_150,QRDQN,0.9,1Hz,No,72,0.0,60,20.01717583420425,0
Optimized_1Hz_Gamma93_target_150,QRDQN,0.9,1Hz,No,73,0.0,60,20.01717583420425,0
Optimized_1Hz_Gamma93_target_150,QRDQN,0.9,1Hz,No,74,0.0,60,20.183842490514053,0
Optimized_1Hz_Gamma93_target_150,QRDQN,0.9,1Hz,No,75,0.0,60,20.01717583420425,0
Optimized_1Hz_Gamma93_target_150,QRDQN,0.9,1Hz,No,76,0.0,60,20.01717583420425,0
Optimized_1Hz_Gamma93_target_150,QRDQN,0.9,1Hz,No,77,0.0,60,20.01717583420425,0
Optimized_1Hz_Gamma93_target_150,QRDQN,0.9,1Hz,No,78,0.0,60,20.100509167537318,0
Optimized_1Hz_Gamma93_target_150,QRDQN,0.9,1Hz,No,79,0.0,60,20.100509167537577,0
Optimized_1Hz_Gamma93_target_150,QRDQN,0.9,1Hz,No,80,0.0,60,20.100509167537574,0
Optimized_1Hz_Gamma93_target_150,QRDQN,0.9,1Hz,No,81,-15.0,12,19.05361315900833,1
Optimized_1Hz_Gamma93_target_150,QRDQN,0.9,1Hz,No,82,-15.0,24,19.72374009275035,1
Optimized_1Hz_Gamma93_target_150,QRDQN,0.9,1Hz,No,83,0.0,60,20.100509167537584,0
Optimized_1Hz_Gamma93_target_150,QRDQN,0.9,1Hz,No,84,0.24269930281659063,60,20.51717583419541,0
Optimized_1Hz_Gamma93_target_150,QRDQN,0.9,1Hz,No,85,0.0,60,20.01717583420425,0
Optimized_1Hz_Gamma93_target_150,QRDQN,0.9,1Hz,No,86,0.0,60,20.01717583420425,0
Optimized_1Hz_Gamma93_target_150,QRDQN,0.9,1Hz,No,87,0.0,60,20.100509167537577,0
Optimized_1Hz_Gamma93_target_150,QRDQN,0.9,1Hz,No,88,0.0,60,20.01717583420425,0
Optimized_1Hz_Gamma93_target_150,QRDQN,0.9,1Hz,No,89,-15.0,8,20.024432934950582,1
Optimized_1Hz_Gamma93_target_150,QRDQN,0.9,1Hz,No,90,0.0,60,20.100509167537574,0
Optimized_1Hz_Gamma93_target_150,QRDQN,0.9,1Hz,No,91,-15.0,44,19.86934396645759,1
Optimized_1Hz_Gamma93_target_150,QRDQN,0.9,1Hz,No,92,0.0,60,20.01717583420425,0
Optimized_1Hz_Gamma93_target_150,QRDQN,0.9,1Hz,No,93,0.0,60,20.183842500870913,0
Optimized_1Hz_Gamma93_target_150,QRDQN,0.9,1Hz,No,94,0.0,60,20.01717583420425,0
Optimized_1Hz_Gamma93_target_150,QRDQN,0.9,1Hz,No,95,-15.0,24,19.8871371163748,1
Optimized_1Hz_Gamma93_target_150,QRDQN,0.9,1Hz,No,96,0.0,60,20.01717583420425,0
Optimized_1Hz_Gamma93_target_150,QRDQN,0.9,1Hz,No,97,0.0,60,20.10050916753753,0
Optimized_1Hz_Gamma93_target_150,QRDQN,0.9,1Hz,No,98,0.0,60,20.100509167537584,0
Optimized_1Hz_Gamma93_target_150,QRDQN,0.9,1Hz,No,99,0.0,60,20.01717583420425,0
Optimized_1Hz_Gamma93_target_150,QRDQN,0.9,1Hz,No,100,0.0,60,20.01717583420425,0
Optimized_1Hz_Gamma93_target_150,QRDQN,0.9,1Hz,No,101,0.0,60,20.267175773598183,0
Optimized_1Hz_Gamma93_target_150,QRDQN,0.9,1Hz,No,102,0.0,60,20.01717583420425,0
Optimized_1Hz_Gamma93_target_150,QRDQN,0.9,1Hz,No,103,0.0,60,20.100509167537584,0
Optimized_1Hz_Gamma93_target_150,QRDQN,0.9,1Hz,No,104,0.0,60,20.183842488744183,0
Optimized_1Hz_Gamma93_target_150,QRDQN,0.9,1Hz,No,105,0.0,60,20.01717583420425,0
Optimized_1Hz_Gamma93_target_150,QRDQN,0.9,1Hz,No,106,-15.0,22,19.738687932915166,1
Optimized_1Hz_Gamma93_target_150,QRDQN,0.9,1Hz,No,107,0.0,60,20.100509167537584,0
Optimized_1Hz_Gamma93_target_150,QRDQN,0.9,1Hz,No,108,0.0,60,20.01717583420425,0
Optimized_1Hz_Gamma93_target_150,QRDQN,0.9,1Hz,No,109,0.0,60,20.100509167537574,0
Optimized_1Hz_Gamma93_target_150,QRDQN,0.9,1Hz,No,110,-14.765848997620033,57,20.182350364744188,1
Optimized_1Hz_Gamma93_target_150,QRDQN,0.9,1Hz,No,111,0.0,60,20.100509167537574,0
Optimized_1Hz_Gamma93_target_150,QRDQN,0.9,1Hz,No,112,-15.0,32,19.82034795387918,1
Optimized_1Hz_Gamma93_target_150,QRDQN,0.9,1Hz,No,113,0.2341510076692707,60,20.350509167537577,0
Optimized_1Hz_Gamma93_target_150,QRDQN,0.9,1Hz,No,114,0.0,60,20.100509167537584,0
Optimized_1Hz_Gamma93_target_150,QRDQN,0.9,1Hz,No,115,0.0,60,20.01717583420425,0
Optimized_1Hz_Gamma93_target_150,QRDQN,0.9,1Hz,No,116,0.0,60,20.01717583420425,0
Optimized_1Hz_Gamma93_target_150,QRDQN,0.9,1Hz,No,117,0.0,60,20.100509167537584,0
Optimized_1Hz_Gamma93_target_150,QRDQN,0.9,1Hz,No,118,0.0,60,20.26717583420424,0
Optimized_1Hz_Gamma93_target_150,QRDQN,0.9,1Hz,No,119,0.0,60,20.100509167537577,0
Optimized_1Hz_Gamma93_target_150,QRDQN,0.9,1Hz,No,120,0.0,60,20.01717583420425,0
Optimized_1Hz_Gamma93_target_150,QRDQN,0.9,1Hz,No,121,-15.0,6,19.548547459264622,1
Optimized_1Hz_Gamma93_target_150,QRDQN,0.9,1Hz,No,122,0.0,60,20.01717583420425,0
Optimized_1Hz_Gamma93_target_150,QRDQN,0.9,1Hz,No,123,0.0,60,20.01717583420425,0
Optimized_1Hz_Gamma93_target_150,QRDQN,0.9,1Hz,No,124,0.0,60,20.01717583420425,0
Optimized_1Hz_Gamma93_target_150,QRDQN,0.9,1Hz,No,125,0.0,60,20.01717583420425,0
Optimized_1Hz_Gamma93_target_150,QRDQN,0.9,1Hz,No,126,0.0,60,20.100509167537584,0
Optimized_1Hz_Gamma93_target_150,QRDQN,0.9,1Hz,No,127,0.0,60,20.26717583414372,0
Optimized_1Hz_Gamma93_target_150,QRDQN,0.9,1Hz,No,128,0.0,60,20.01717583420425,0
Optimized_1Hz_Gamma93_target_150,QRDQN,0.9,1Hz,No,129,0.0,60,20.100509167537574,0
Optimized_1Hz_Gamma93_target_150,QRDQN,0.9,1Hz,No,130,0.0,60,20.100509167537574,0
Optimized_1Hz_Gamma93_target_150,QRDQN,0.9,1Hz,No,131,-15.0,13,19.489981709701137,1
Optimized_1Hz_Gamma93_target_150,QRDQN,0.9,1Hz,No,132,-15.0,31,19.877652948718683,1
Optimized_1Hz_Gamma93_target_150,QRDQN,0.9,1Hz,No,133,0.0,60,20.01717583420425,0
Optimized_1Hz_Gamma93_target_150,QRDQN,0.9,1Hz,No,134,0.0,60,20.01717583420425,0
Optimized_1Hz_Gamma93_target_150,QRDQN,0.9,1Hz,No,135,0.0,60,20.01717583420425,0
Optimized_1Hz_Gamma93_target_150,QRDQN,0.9,1Hz,No,136,0.0,60,20.100509167537318,0
Optimized_1Hz_Gamma93_target_150,QRDQN,0.9,1Hz,No,137,0.0,60,20.100509167537577,0
Optimized_1Hz_Gamma93_target_150,QRDQN,0.9,1Hz,No,138,0.0,60,20.01717583420425,0
Optimized_1Hz_Gamma93_target_150,QRDQN,0.9,1Hz,No,139,0.0,60,20.100509167537574,0
Optimized_1Hz_Gamma93_target_150,QRDQN,0.9,1Hz,No,140,0.0,60,20.18384250087091,0
Optimized_1Hz_Gamma93_target_150,QRDQN,0.9,1Hz,No,141,-15.0,40,19.716083947642513,1
Optimized_1Hz_Gamma93_target_150,QRDQN,0.9,1Hz,No,142,0.0,60,20.100509167537577,0
Optimized_1Hz_Gamma93_target_150,QRDQN,0.9,1Hz,No,143,0.0,60,20.100509167537584,0
Optimized_1Hz_Gamma93_target_150,QRDQN,0.9,1Hz,No,144,0.0,60,20.01717583420425,0
Optimized_1Hz_Gamma93_target_150,QRDQN,0.9,1Hz,No,145,0.0,60,20.18384250087091,0
Optimized_1Hz_Gamma93_target_150,QRDQN,0.9,1Hz,No,146,0.0,60,20.35050916753757,0
Optimized_1Hz_Gamma93_target_150,QRDQN,0.9,1Hz,No,147,0.0,60,20.100509167537584,0
Optimized_1Hz_Gamma93_target_150,QRDQN,0.9,1Hz,No,148,-14.757300697183409,55,20.167038725367867,1
Optimized_1Hz_Gamma93_target_150,QRDQN,0.9,1Hz,No,149,0.0,60,20.01717583420425,0
Optimized_1Hz_Gamma93_target_150,QRDQN,0.9,1Hz,No,150,0.0,60,20.100509167537574,0
Optimized_1Hz_Gamma93_target_150,QRDQN,0.9,1Hz,No,151,0.0,60,20.01717583420425,0
Optimized_1Hz_Gamma93_target_150,QRDQN,0.9,1Hz,No,152,0.0,60,20.18384250087091,0
Optimized_1Hz_Gamma93_target_150,QRDQN,0.9,1Hz,No,153,0.0,60,20.01717583420425,0
Optimized_1Hz_Gamma93_target_150,QRDQN,0.9,1Hz,No,154,0.0,60,20.183842500870913,0
Optimized_1Hz_Gamma93_target_150,QRDQN,0.9,1Hz,No,155,0.0,60,20.01717583420425,0
Optimized_1Hz_Gamma93_target_150,QRDQN,0.9,1Hz,No,156,-15.0,10,19.33697622473519,1
Optimized_1Hz_Gamma93_target_150,QRDQN,0.9,1Hz,No,157,0.0,60,20.01717583420425,0
Optimized_1Hz_Gamma93_target_150,QRDQN,0.9,1Hz,No,158,0.0,60,20.01717583420425,0
Optimized_1Hz_Gamma93_target_150,QRDQN,0.9,1Hz,No,159,0.0,60,20.01717583420425,0
Optimized_1Hz_Gamma93_target_150,QRDQN,0.9,1Hz,No,160,0.0,60,20.100509167537577,0
Optimized_1Hz_Gamma93_target_150,QRDQN,0.9,1Hz,No,161,0.0,60,20.01717583420425,0
Optimized_1Hz_Gamma93_target_150,QRDQN,0.9,1Hz,No,162,0.0,60,20.100509167537574,0
Optimized_1Hz_Gamma93_target_150,QRDQN,0.9,1Hz,No,163,0.0,60,20.086268481318736,0
Optimized_1Hz_Gamma93_target_150,QRDQN,0.9,1Hz,No,164,0.0,60,20.01717583420425,0
Optimized_1Hz_Gamma93_target_150,QRDQN,0.9,1Hz,No,165,0.24269930281659063,60,20.517175834204245,0
Optimized_1Hz_Gamma93_target_150,QRDQN,0.9,1Hz,No,166,0.0,60,20.267175834204238,0
Optimized_1Hz_Gamma93_target_150,QRDQN,0.9,1Hz,No,167,0.0,60,20.01717583420425,0
Optimized_1Hz_Gamma93_target_150,QRDQN,0.9,1Hz,No,168,0.0,60,20.01717583420425,0
Optimized_1Hz_Gamma93_target_150,QRDQN,0.9,1Hz,No,169,0.0,60,20.01717583420425,0
Optimized_1Hz_Gamma93_target_150,QRDQN,0.9,1Hz,No,170,0.0,60,20.01717583420425,0
Optimized_1Hz_Gamma93_target_150,QRDQN,0.9,1Hz,No,171,0.0,60,20.100509167537584,0
Optimized_1Hz_Gamma93_target_150,QRDQN,0.9,1Hz,No,172,-15.0,36,19.715826187254425,1
Optimized_1Hz_Gamma93_target_150,QRDQN,0.9,1Hz,No,173,0.0,60,20.01717583420425,0
Optimized_1Hz_Gamma93_target_150,QRDQN,0.9,1Hz,No,174,0.0,60,20.100509167537577,0
Optimized_1Hz_Gamma93_target_150,QRDQN,0.9,1Hz,No,175,0.0,60,20.01717583420425,0
Optimized_1Hz_Gamma93_target_150,QRDQN,0.9,1Hz,No,176,0.0,60,20.01717583420425,0
Optimized_1Hz_Gamma93_target_150,QRDQN,0.9,1Hz,No,177,0.0,60,20.01717583420425,0
Optimized_1Hz_Gamma93_target_150,QRDQN,0.9,1Hz,No,178,-15.0,28,19.90326038546411,1
Optimized_1Hz_Gamma93_target_150,QRDQN,0.9,1Hz,No,179,0.0,60,20.100509167537584,0
Optimized_1Hz_Gamma93_target_150,QRDQN,0.9,1Hz,No,180,0.0,60,20.01717583420425,0
Optimized_1Hz_Gamma93_target_150,QRDQN,0.9,1Hz,No,181,0.0,60,20.01717583420425,0
Optimized_1Hz_Gamma93_target_150,QRDQN,0.9,1Hz,No,182,0.0,60,20.01717583420425,0
Optimized_1Hz_Gamma93_target_150,QRDQN,0.9,1Hz,No,183,0.0,60,20.01717583420425,0
Optimized_1Hz_Gamma93_target_150,QRDQN,0.9,1Hz,No,184,-14.758511866942396,36,20.446188515482632,1
Optimized_1Hz_Gamma93_target_150,QRDQN,0.9,1Hz,No,185,0.0,60,20.100509167537577,0
Optimized_1Hz_Gamma93_target_150,QRDQN,0.9,1Hz,No,186,0.0,60,20.26432640072537,0
Optimized_1Hz_Gamma93_target_150,QRDQN,0.9,1Hz,No,187,0.0,60,20.183842500870913,0
Optimized_1Hz_Gamma93_target_150,QRDQN,0.9,1Hz,No,188,0.0,60,20.01717583420425,0
Optimized_1Hz_Gamma93_target_150,QRDQN,0.9,1Hz,No,189,0.0,60,20.01717583420425,0
Optimized_1Hz_Gamma93_target_150,QRDQN,0.9,1Hz,No,190,0.0,60,20.100509167537577,0
Optimized_1Hz_Gamma93_target_150,QRDQN,0.9,1Hz,No,191,0.23415100238517575,60,20.433842500819228,0
Optimized_1Hz_Gamma93_target_150,QRDQN,0.9,1Hz,No,192,0.0,60,20.01717583420425,0
Optimized_1Hz_Gamma93_target_150,QRDQN,0.9,1Hz,No,193,0.0,60,20.01717583420425,0
Optimized_1Hz_Gamma93_target_150,QRDQN,0.9,1Hz,No,194,0.0,60,20.183828281021,0
Optimized_1Hz_Gamma93_target_150,QRDQN,0.9,1Hz,No,195,0.0,60,20.01717583420425,0
Optimized_1Hz_Gamma93_target_150,QRDQN,0.9,1Hz,No,196,0.0,60,20.01717583420425,0
Optimized_1Hz_Gamma93_target_150,QRDQN,0.9,1Hz,No,197,0.0,60,20.01717583420425,0
Optimized_1Hz_Gamma93_target_150,QRDQN,0.9,1Hz,No,198,0.0,60,20.01717583420425,0
Optimized_1Hz_Gamma93_target_150,QRDQN,0.9,1Hz,No,199,0.0,60,20.01717583420425,0
Optimized_1Hz_Gamma93_target_150,QRDQN,0.9,1Hz,No,200,0.0,60,20.01717583420425,0
Optimized_1Hz_Gamma93_target_150,QRDQN,0.9,1Hz,No,201,0.0,60,20.183840070865863,0
Optimized_1Hz_Gamma93_target_150,QRDQN,0.9,1Hz,No,202,0.0,60,20.01717583420425,0
Optimized_1Hz_Gamma93_target_150,QRDQN,0.9,1Hz,No,203,0.0,60,20.01717583420425,0
Optimized_1Hz_Gamma93_target_150,QRDQN,0.9,1Hz,No,204,0.0,60,20.01717583420425,0
Optimized_1Hz_Gamma93_target_150,QRDQN,0.9,1Hz,No,205,0.0,60,20.100509167537584,0
Optimized_1Hz_Gamma93_target_150,QRDQN,0.9,1Hz,No,206,0.0,60,20.18384250087091,0
Optimized_1Hz_Gamma93_target_150,QRDQN,0.9,1Hz,No,207,0.0,60,20.01717583420425,0
Optimized_1Hz_Gamma93_target_150,QRDQN,0.9,1Hz,No,208,0.0,60,20.26717583420425,0
Optimized_1Hz_Gamma93_target_150,QRDQN,0.9,1Hz,No,209,0.0,60,20.100509167537584,0
Optimized_1Hz_Gamma93_target_150,QRDQN,0.9,1Hz,No,210,-15.0,39,19.737685711311777,1
Optimized_1Hz_Gamma93_target_150,QRDQN,0.9,1Hz,No,211,0.0,60,20.100509167537577,0
Optimized_1Hz_Gamma93_target_150,QRDQN,0.9,1Hz,No,212,0.0,60,20.100509167537584,0
Optimized_1Hz_Gamma93_target_150,QRDQN,0.9,1Hz,No,213,0.0,60,20.01717583420425,0
Optimized_1Hz_Gamma93_target_150,QRDQN,0.9,1Hz,No,214,0.0,60,20.01717583420425,0
Optimized_1Hz_Gamma93_target_150,QRDQN,0.9,1Hz,No,215,0.0,60,20.01717583420425,0
Optimized_1Hz_Gamma93_target_150,QRDQN,0.9,1Hz,No,216,0.0,60,20.18384250087091,0
Optimized_1Hz_Gamma93_target_150,QRDQN,0.9,1Hz,No,217,0.0,60,20.01717583420425,0
Optimized_1Hz_Gamma93_target_150,QRDQN,0.9,1Hz,No,218,0.0,60,20.01717583420425,0
Optimized_1Hz_Gamma93_target_150,QRDQN,0.9,1Hz,No,219,-15.0,9,18.798570035278413,1
Optimized_1Hz_Gamma93_target_150,QRDQN,0.9,1Hz,No,220,0.0,60,20.100509167537584,0
Optimized_1Hz_Gamma93_target_150,QRDQN,0.9,1Hz,No,221,0.0,60,20.01717583420425,0
Optimized_1Hz_Gamma93_target_150,QRDQN,0.9,1Hz,No,222,0.0,60,20.098075601809782,0
Optimized_1Hz_Gamma93_target_150,QRDQN,0.9,1Hz,No,223,0.0,60,20.01717583420425,0
Optimized_1Hz_Gamma93_target_150,QRDQN,0.9,1Hz,No,224,0.0,60,20.01717583420425,0
Optimized_1Hz_Gamma93_target_150,QRDQN,0.9,1Hz,No,225,0.0,60,20.01717583420425,0
Optimized_1Hz_Gamma93_target_150,QRDQN,0.9,1Hz,No,226,0.0,60,20.100509167537584,0
Optimized_1Hz_Gamma93_target_150,QRDQN,0.9,1Hz,No,227,0.0,60,20.01717583420425,0
Optimized_1Hz_Gamma93_target_150,QRDQN,0.9,1Hz,No,228,0.0,60,20.01717583420425,0
Optimized_1Hz_Gamma93_target_150,QRDQN,0.9,1Hz,No,229,0.0,60,20.100509167537577,0
Optimized_1Hz_Gamma93_target_150,QRDQN,0.9,1Hz,No,230,-15.0,22,20.054874609564564,1
Optimized_1Hz_Gamma93_target_150,QRDQN,0.9,1Hz,No,231,0.0,60,20.100509167537574,0
Optimized_1Hz_Gamma93_target_150,QRDQN,0.9,1Hz,No,232,0.0,60,20.100509167537584,0
Optimized_1Hz_Gamma93_target_150,QRDQN,0.9,1Hz,No,233,0.0,60,20.01717583420425,0
Optimized_1Hz_Gamma93_target_150,QRDQN,0.9,1Hz,No,234,0.0,60,20.01717583420425,0
Optimized_1Hz_Gamma93_target_150,QRDQN,0.9,1Hz,No,235,0.0,60,20.100509167537584,0
Optimized_1Hz_Gamma93_target_150,QRDQN,0.9,1Hz,No,236,0.0,60,20.01717583420425,0
Optimized_1Hz_Gamma93_target_150,QRDQN,0.9,1Hz,No,237,0.0,60,20.01717583420425,0
Optimized_1Hz_Gamma93_target_150,QRDQN,0.9,1Hz,No,238,0.0,60,20.100509167537584,0
Optimized_1Hz_Gamma93_target_150,QRDQN,0.9,1Hz,No,239,0.0,60,20.01717583420425,0
Optimized_1Hz_Gamma93_target_150,QRDQN,0.9,1Hz,No,240,0.0,60,20.100509167537584,0
Optimized_1Hz_Gamma93_target_150,QRDQN,0.9,1Hz,No,241,0.0,60,20.100509167537574,0
Optimized_1Hz_Gamma93_target_150,QRDQN,0.9,1Hz,No,242,0.0,60,20.01717583420425,0
Optimized_1Hz_Gamma93_target_150,QRDQN,0.9,1Hz,No,243,0.0,60,20.01717583420425,0
Optimized_1Hz_Gamma93_target_150,QRDQN,0.9,1Hz,No,244,0.0,60,20.183842500568463,0
Optimized_1Hz_Gamma93_target_150,QRDQN,0.9,1Hz,No,245,-15.0,26,19.60652856696766,1
Optimized_1Hz_Gamma93_target_150,QRDQN,0.9,1Hz,No,246,-15.0,37,19.723506560571874,1
Optimized_1Hz_Gamma93_target_150,QRDQN,0.9,1Hz,No,247,0.0,60,20.100509167537584,0
Optimized_1Hz_Gamma93_target_150,QRDQN,0.9,1Hz,No,248,0.0,60,20.01717583420425,0
Optimized_1Hz_Gamma93_target_150,QRDQN,0.9,1Hz,No,249,0.0,60,20.01717583420425,0
Optimized_1Hz_Gamma93_target_150,QRDQN,0.9,1Hz,No,250,0.0,60,20.01717583420425,0
Optimized_1Hz_Gamma93_target_150,QRDQN,0.9,1Hz,No,251,0.0,60,20.01717583420425,0
Optimized_1Hz_Gamma93_target_150,QRDQN,0.9,1Hz,No,252,0.0,60,20.01717583420425,0
Optimized_1Hz_Gamma93_target_150,QRDQN,0.9,1Hz,No,253,-15.0,56,19.881602896893014,1
Optimized_1Hz_Gamma93_target_150,QRDQN,0.9,1Hz,No,254,0.0,60,20.350509096574648,0
Optimized_1Hz_Gamma93_target_150,QRDQN,0.9,1Hz,No,255,0.0,60,20.01717583420425,0
Optimized_1Hz_Gamma93_target_150,QRDQN,0.9,1Hz,No,256,0.0,60,20.100509167537584,0
Optimized_1Hz_Gamma93_target_150,QRDQN,0.9,1Hz,No,257,0.0,60,20.01717583420425,0
Optimized_1Hz_Gamma93_target_150,QRDQN,0.9,1Hz,No,258,0.0,60,20.01717583420425,0
Optimized_1Hz_Gamma93_target_150,QRDQN,0.9,1Hz,No,259,0.0,60,20.01717583420425,0
Optimized_1Hz_Gamma93_target_150,QRDQN,0.9,1Hz,No,260,0.0,60,20.01717583420425,0
Optimized_1Hz_Gamma93_target_150,QRDQN,0.9,1Hz,No,261,0.0,60,20.183842500870913,0
Optimized_1Hz_Gamma93_target_150,QRDQN,0.9,1Hz,No,262,-15.0,15,19.45195832527828,1
Optimized_1Hz_Gamma93_target_150,QRDQN,0.9,1Hz,No,263,0.0,60,20.1837714339651,0
Optimized_1Hz_Gamma93_target_150,QRDQN,0.9,1Hz,No,264,0.0,60,20.100509167537584,0
Optimized_1Hz_Gamma93_target_150,QRDQN,0.9,1Hz,No,265,0.0,60,20.100509167537577,0
Optimized_1Hz_Gamma93_target_150,QRDQN,0.9,1Hz,No,266,0.23415100237996764,60,20.347172799401815,0
Optimized_1Hz_Gamma93_target_150,QRDQN,0.9,1Hz,No,267,0.0,60,20.01717583420425,0
Optimized_1Hz_Gamma93_target_150,QRDQN,0.9,1Hz,No,268,0.0,60,20.100509167537577,0
Optimized_1Hz_Gamma93_target_150,QRDQN,0.9,1Hz,No,269,0.0,60,20.01717583420425,0
Optimized_1Hz_Gamma93_target_150,QRDQN,0.9,1Hz,No,270,-15.0,3,19.897773817261008,1
Optimized_1Hz_Gamma93_target_150,QRDQN,0.9,1Hz,No,271,0.0,60,20.100509167537584,0
Optimized_1Hz_Gamma93_target_150,QRDQN,0.9,1Hz,No,272,0.0,60,20.100509167537584,0
Optimized_1Hz_Gamma93_target_150,QRDQN,0.9,1Hz,No,273,0.0,60,20.100509167537574,0
Optimized_1Hz_Gamma93_target_150,QRDQN,0.9,1Hz,No,274,0.0,60,20.01717583420425,0
Optimized_1Hz_Gamma93_target_150,QRDQN,0.9,1Hz,No,275,-15.0,3,18.399070970514362,1
Optimized_1Hz_Gamma93_target_150,QRDQN,0.9,1Hz,No,276,0.0,60,20.01717583420425,0
Optimized_1Hz_Gamma93_target_150,QRDQN,0.9,1Hz,No,277,0.0,60,20.01717583420425,0
Optimized_1Hz_Gamma93_target_150,QRDQN,0.9,1Hz,No,278,0.0,60,20.183842488744183,0
Optimized_1Hz_Gamma93_target_150,QRDQN,0.9,1Hz,No,279,0.0,60,20.183842500862074,0
Optimized_1Hz_Gamma93_target_150,QRDQN,0.9,1Hz,No,280,0.0,60,20.086268481318736,0
Optimized_1Hz_Gamma93_target_150,QRDQN,0.9,1Hz,No,281,0.0,60,20.26717583420424,0
Optimized_1Hz_Gamma93_target_150,QRDQN,0.9,1Hz,No,282,0.0,60,20.01717583420425,0
Optimized_1Hz_Gamma93_target_150,QRDQN,0.9,1Hz,No,283,0.0,60,20.01717583420425,0
Optimized_1Hz_Gamma93_target_150,QRDQN,0.9,1Hz,No,284,-15.0,4,17.297506864960297,1
Optimized_1Hz_Gamma93_target_150,QRDQN,0.9,1Hz,No,285,0.48368816745083,60,20.600509167537574,0
Optimized_1Hz_Gamma93_target_150,QRDQN,0.9,1Hz,No,286,0.0,60,20.01717583420425,0
Optimized_1Hz_Gamma93_target_150,QRDQN,0.9,1Hz,No,287,0.0,60,20.01717583420425,0
Optimized_1Hz_Gamma93_target_150,QRDQN,0.9,1Hz,No,288,-15.0,3,18.08482591409846,1
Optimized_1Hz_Gamma93_target_150,QRDQN,0.9,1Hz,No,289,0.0,60,20.100509167537577,0
Optimized_1Hz_Gamma93_target_150,QRDQN,0.9,1Hz,No,290,-15.0,32,19.72071207991796,1
Optimized_1Hz_Gamma93_target_150,QRDQN,0.9,1Hz,No,291,0.0,60,20.01717583420425,0
Optimized_1Hz_Gamma93_target_150,QRDQN,0.9,1Hz,No,292,0.0,60,20.01717583420425,0
Optimized_1Hz_Gamma93_target_150,QRDQN,0.9,1Hz,No,293,0.0,60,20.01717583420425,0
Optimized_1Hz_Gamma93_target_150,QRDQN,0.9,1Hz,No,294,0.0,60,20.01717583420425,0
Optimized_1Hz_Gamma93_target_150,QRDQN,0.9,1Hz,No,295,0.0,60,20.100509167537574,0
Optimized_1Hz_Gamma93_target_150,QRDQN,0.9,1Hz,No,296,0.0,60,20.01717583420425,0
Optimized_1Hz_Gamma93_target_150,QRDQN,0.9,1Hz,No,297,0.0,60,20.350509167537574,0
Optimized_1Hz_Gamma93_target_150,QRDQN,0.9,1Hz,No,298,0.0,60,20.183842429907987,0
Optimized_1Hz_Gamma93_target_150,QRDQN,0.9,1Hz,No,299,-15.0,57,19.971399337298404,1
Optimized_1Hz_Gamma93_target_150,QRDQN,0.9,1Hz,No,300,0.0,60,20.01717583420425,0
Optimized_1Hz_Gamma93_target_150,QRDQN,0.9,1Hz,No,301,0.0,60,20.100509167537584,0
Optimized_1Hz_Gamma93_target_150,QRDQN,0.9,1Hz,No,302,0.0,60,20.01717583420425,0
Optimized_1Hz_Gamma93_target_150,QRDQN,0.9,1Hz,No,303,-15.0,15,19.89685148496499,1
Optimized_1Hz_Gamma93_target_150,QRDQN,0.9,1Hz,No,304,0.0,60,20.183840425519076,0
Optimized_1Hz_Gamma93_target_150,QRDQN,0.9,1Hz,No,305,0.0,60,20.18384250081039,0
Optimized_1Hz_Gamma93_target_150,QRDQN,0.9,1Hz,No,306,0.0,60,20.350509167537574,0
Optimized_1Hz_Gamma93_target_150,QRDQN,0.9,1Hz,No,307,0.0,60,20.01717583420425,0
Optimized_1Hz_Gamma93_target_150,QRDQN,0.9,1Hz,No,308,0.0,60,20.183842500870913,0
Optimized_1Hz_Gamma93_target_150,QRDQN,0.9,1Hz,No,309,0.0,60,20.01717583420425,0
Optimized_1Hz_Gamma93_target_150,QRDQN,0.9,1Hz,No,310,-15.0,31,19.845014902787444,1
Optimized_1Hz_Gamma93_target_150,QRDQN,0.9,1Hz,No,311,-15.0,22,19.48378899571365,1
Optimized_1Hz_Gamma93_target_150,QRDQN,0.9,1Hz,No,312,0.0,60,20.100509167537574,0
Optimized_1Hz_Gamma93_target_150,QRDQN,0.9,1Hz,No,313,0.0,60,20.01717583420425,0
Optimized_1Hz_Gamma93_target_150,QRDQN,0.9,1Hz,No,314,0.0,60,20.267175823847378,0
Optimized_1Hz_Gamma93_target_150,QRDQN,0.9,1Hz,No,315,0.24269930281659063,60,20.350509167537577,0
Optimized_1Hz_Gamma93_target_150,QRDQN,0.9,1Hz,No,316,0.0,60,20.433842500870913,0
Optimized_1Hz_Gamma93_target_150,QRDQN,0.9,1Hz,No,317,0.0,60,20.01717583420425,0
Optimized_1Hz_Gamma93_target_150,QRDQN,0.9,1Hz,No,318,0.0,60,20.100509167537574,0
Optimized_1Hz_Gamma93_target_150,QRDQN,0.9,1Hz,No,319,0.0,60,20.01717583420425,0
Optimized_1Hz_Gamma93_target_150,QRDQN,0.9,1Hz,No,320,-15.0,38,19.95928348090728,1
Optimized_1Hz_Gamma93_target_150,QRDQN,0.9,1Hz,No,321,0.0,60,20.100509167537584,0
Optimized_1Hz_Gamma93_target_150,QRDQN,0.9,1Hz,No,322,0.0,60,20.26717583420424,0
Optimized_1Hz_Gamma93_target_150,QRDQN,0.9,1Hz,No,323,0.0,60,20.100438100631767,0
Optimized_1Hz_Gamma93_target_150,QRDQN,0.9,1Hz,No,324,-15.0,32,19.64510493455314,1
Optimized_1Hz_Gamma93_target_150,QRDQN,0.9,1Hz,No,325,0.0,60,20.01717583420425,0
Optimized_1Hz_Gamma93_target_150,QRDQN,0.9,1Hz,No,326,0.0,60,20.01717583420425,0
Optimized_1Hz_Gamma93_target_150,QRDQN,0.9,1Hz,No,327,0.0,60,20.01717583420425,0
Optimized_1Hz_Gamma93_target_150,QRDQN,0.9,1Hz,No,328,0.0,60,20.100509167537584,0
Optimized_1Hz_Gamma93_target_150,QRDQN,0.9,1Hz,No,329,0.0,60,20.01717583420425,0
Optimized_1Hz_Gamma93_target_150,QRDQN,0.9,1Hz,No,330,0.0,60,20.18384250087091,0
Optimized_1Hz_Gamma93_target_150,QRDQN,0.9,1Hz,No,331,0.0,60,20.100509167537584,0
Optimized_1Hz_Gamma93_target_150,QRDQN,0.9,1Hz,No,332,0.23415100238012237,60,20.350509167537574,0
Optimized_1Hz_Gamma93_target_150,QRDQN,0.9,1Hz,No,333,0.0,60,20.01717583420425,0
Optimized_1Hz_Gamma93_target_150,QRDQN,0.9,1Hz,No,334,0.0,60,20.01717583420425,0
Optimized_1Hz_Gamma93_target_150,QRDQN,0.9,1Hz,No,335,0.0,60,20.26717583420424,0
Optimized_1Hz_Gamma93_target_150,QRDQN,0.9,1Hz,No,336,0.0,60,20.100509167537584,0
Optimized_1Hz_Gamma93_target_150,QRDQN,0.9,1Hz,No,337,0.0,60,20.100509167537574,0
Optimized_1Hz_Gamma93_target_150,QRDQN,0.9,1Hz,No,338,0.0,60,20.100509167537577,0
Optimized_1Hz_Gamma93_target_150,QRDQN,0.9,1Hz,No,339,0.0,60,20.01717583420425,0
Optimized_1Hz_Gamma93_target_150,QRDQN,0.9,1Hz,No,340,-15.0,18,19.431652374508847,1
Optimized_1Hz_Gamma93_target_150,QRDQN,0.9,1Hz,No,341,0.0,60,20.18384250087091,0
Optimized_1Hz_Gamma93_target_150,QRDQN,0.9,1Hz,No,342,-15.0,5,19.24144965140716,1
Optimized_1Hz_Gamma93_target_150,QRDQN,0.9,1Hz,No,343,-15.0,35,19.95342177788596,1
Optimized_1Hz_Gamma93_target_150,QRDQN,0.9,1Hz,No,344,0.0,60,20.183842500870913,0
Optimized_1Hz_Gamma93_target_150,QRDQN,0.9,1Hz,No,345,-15.0,46,19.917548726310418,1
Optimized_1Hz_Gamma93_target_150,QRDQN,0.9,1Hz,No,346,0.0,60,20.01717583420425,0
Optimized_1Hz_Gamma93_target_150,QRDQN,0.9,1Hz,No,347,0.0,60,20.01717583420425,0
Optimized_1Hz_Gamma93_target_150,QRDQN,0.9,1Hz,No,348,0.0,60,20.26717583420424,0
Optimized_1Hz_Gamma93_target_150,QRDQN,0.9,1Hz,No,349,0.0,60,20.183842500870917,0
Optimized_1Hz_Gamma93_target_150,QRDQN,0.9,1Hz,No,350,-15.0,35,19.88750818735356,1
Optimized_1Hz_Gamma93_target_150,QRDQN,0.9,1Hz,No,351,0.0,60,20.26717583420424,0
Optimized_1Hz_Gamma93_target_150,QRDQN,0.9,1Hz,No,352,0.0,60,20.01717583420425,0
Optimized_1Hz_Gamma93_target_150,QRDQN,0.9,1Hz,No,353,0.0,60,20.01717583420425,0
Optimized_1Hz_Gamma93_target_150,QRDQN,0.9,1Hz,No,354,0.0,60,20.01717583420425,0
Optimized_1Hz_Gamma93_target_150,QRDQN,0.9,1Hz,No,355,0.0,60,20.100509167537577,0
Optimized_1Hz_Gamma93_target_150,QRDQN,0.9,1Hz,No,356,0.0,60,20.01717583420425,0
Optimized_1Hz_Gamma93_target_150,QRDQN,0.9,1Hz,No,357,0.0,60,20.01717583420425,0
Optimized_1Hz_Gamma93_target_150,QRDQN,0.9,1Hz,No,358,0.0,60,20.01717583420425,0
Optimized_1Hz_Gamma93_target_150,QRDQN,0.9,1Hz,No,359,0.0,60,20.183842500870906,0
Optimized_1Hz_Gamma93_target_150,QRDQN,0.9,1Hz,No,360,-15.0,21,19.684274391714684,1
Optimized_1Hz_Gamma93_target_150,QRDQN,0.9,1Hz,No,361,0.0,60,20.01717583420425,0
Optimized_1Hz_Gamma93_target_150,QRDQN,0.9,1Hz,No,362,0.0,60,20.01717583420425,0
Optimized_1Hz_Gamma93_target_150,QRDQN,0.9,1Hz,No,363,0.0,60,20.01717583420425,0
Optimized_1Hz_Gamma93_target_150,QRDQN,0.9,1Hz,No,364,-15.0,8,18.882848511846653,1
Optimized_1Hz_Gamma93_target_150,QRDQN,0.9,1Hz,No,365,-15.0,25,19.615758831614666,1
Optimized_1Hz_Gamma93_target_150,QRDQN,0.9,1Hz,No,366,0.23415100237987385,60,20.350509167537574,0
Optimized_1Hz_Gamma93_target_150,QRDQN,0.9,1Hz,No,367,0.0,60,20.01717583420425,0
Optimized_1Hz_Gamma93_target_150,QRDQN,0.9,1Hz,No,368,0.0,60,20.100509167537574,0
Optimized_1Hz_Gamma93_target_150,QRDQN,0.9,1Hz,No,369,0.0,60,20.01717583420425,0
Optimized_1Hz_Gamma93_target_150,QRDQN,0.9,1Hz,No,370,0.0,60,20.01717583420425,0
Optimized_1Hz_Gamma93_target_150,QRDQN,0.9,1Hz,No,371,0.0,60,20.100509167537574,0
Optimized_1Hz_Gamma93_target_150,QRDQN,0.9,1Hz,No,372,0.0,60,20.100509167537574,0
Optimized_1Hz_Gamma93_target_150,QRDQN,0.9,1Hz,No,373,-15.0,13,19.213057133959353,1
Optimized_1Hz_Gamma93_target_150,QRDQN,0.9,1Hz,No,374,0.0,60,20.01717583420425,0
Optimized_1Hz_Gamma93_target_150,QRDQN,0.9,1Hz,No,375,0.0,60,20.01717583420425,0
Optimized_1Hz_Gamma93_target_150,QRDQN,0.9,1Hz,No,376,0.0,60,20.01717583420425,0
Optimized_1Hz_Gamma93_target_150,QRDQN,0.9,1Hz,No,377,0.0,60,20.100509167537574,0
Optimized_1Hz_Gamma93_target_150,QRDQN,0.9,1Hz,No,378,0.0,60,20.01717583420425,0
Optimized_1Hz_Gamma93_target_150,QRDQN,0.9,1Hz,No,379,0.0,60,20.01717583420425,0
Optimized_1Hz_Gamma93_target_150,QRDQN,0.9,1Hz,No,380,-15.0,25,19.807818479456433,1
Optimized_1Hz_Gamma93_target_150,QRDQN,0.9,1Hz,No,381,-15.0,55,19.813995322566537,1
Optimized_1Hz_Gamma93_target_150,QRDQN,0.9,1Hz,No,382,0.0,60,20.01717583420425,0
Optimized_1Hz_Gamma93_target_150,QRDQN,0.9,1Hz,No,383,0.0,60,20.100509167537584,0
Optimized_1Hz_Gamma93_target_150,QRDQN,0.9,1Hz,No,384,0.0,60,20.100509167537577,0
Optimized_1Hz_Gamma93_target_150,QRDQN,0.9,1Hz,No,385,0.0,60,20.183842440264847,0
Optimized_1Hz_Gamma93_target_150,QRDQN,0.9,1Hz,No,386,0.0,60,20.01717583420425,0
Optimized_1Hz_Gamma93_target_150,QRDQN,0.9,1Hz,No,387,-15.0,23,19.83509745262083,1
Optimized_1Hz_Gamma93_target_150,QRDQN,0.9,1Hz,No,388,0.0,60,20.01717583420425,0
Optimized_1Hz_Gamma93_target_150,QRDQN,0.9,1Hz,No,389,0.0,60,20.100509167537584,0
Optimized_1Hz_Gamma93_target_150,QRDQN,0.9,1Hz,No,390,0.0,60,20.01717583420425,0
Optimized_1Hz_Gamma93_target_150,QRDQN,0.9,1Hz,No,391,0.0,60,20.01717583420425,0
Optimized_1Hz_Gamma93_target_150,QRDQN,0.9,1Hz,No,392,0.0,60,20.01717583420425,0
Optimized_1Hz_Gamma93_target_150,QRDQN,0.9,1Hz,No,393,0.0,60,20.01717583420425,0
Optimized_1Hz_Gamma93_target_150,QRDQN,0.9,1Hz,No,394,-15.0,53,19.785723734069823,1
Optimized_1Hz_Gamma93_target_150,QRDQN,0.9,1Hz,No,395,0.0,60,20.26717583420424,0
Optimized_1Hz_Gamma93_target_150,QRDQN,0.9,1Hz,No,396,0.48269019841380456,60,20.766591468293548,0
Optimized_1Hz_Gamma93_target_150,QRDQN,0.9,1Hz,No,397,0.0,60,20.01717583420425,0
Optimized_1Hz_Gamma93_target_150,QRDQN,0.9,1Hz,No,398,0.0,60,20.267175834204192,0
Optimized_1Hz_Gamma93_target_150,QRDQN,0.9,1Hz,No,399,0.0,60,20.01717583420425,0
Optimized_1Hz_Gamma93_target_150,QRDQN,0.9,1Hz,No,400,-15.0,38,19.803872317923464,1
Optimized_1Hz_Gamma93_target_150,QRDQN,0.9,1Hz,No,401,0.0,60,20.100509167537577,0
Optimized_1Hz_Gamma93_target_150,QRDQN,0.9,1Hz,No,402,-15.0,22,19.59376302533521,1
Optimized_1Hz_Gamma93_target_150,QRDQN,0.9,1Hz,No,403,0.0,60,20.100509167537577,0
Optimized_1Hz_Gamma93_target_150,QRDQN,0.9,1Hz,No,404,0.0,60,20.01717583420425,0
Optimized_1Hz_Gamma93_target_150,QRDQN,0.9,1Hz,No,405,0.0,60,20.18384250087091,0
Optimized_1Hz_Gamma93_target_150,QRDQN,0.9,1Hz,No,406,0.0,60,20.100509167537574,0
Optimized_1Hz_Gamma93_target_150,QRDQN,0.9,1Hz,No,407,0.0,60,20.01717583420425,0
Optimized_1Hz_Gamma93_target_150,QRDQN,0.9,1Hz,No,408,0.0,60,20.01717583420425,0
Optimized_1Hz_Gamma93_target_150,QRDQN,0.9,1Hz,No,409,-15.0,21,19.819392448108527,1
Optimized_1Hz_Gamma93_target_150,QRDQN,0.9,1Hz,No,410,0.0,60,20.01717583420425,0
Optimized_1Hz_Gamma93_target_150,QRDQN,0.9,1Hz,No,411,0.0,60,20.01717583420425,0
Optimized_1Hz_Gamma93_target_150,QRDQN,0.9,1Hz,No,412,0.0,60,20.01717583420425,0
Optimized_1Hz_Gamma93_target_150,QRDQN,0.9,1Hz,No,413,0.0,60,20.100509167537577,0
Optimized_1Hz_Gamma93_target_150,QRDQN,0.9,1Hz,No,414,-15.0,11,20.09368636804673,1
Optimized_1Hz_Gamma93_target_150,QRDQN,0.9,1Hz,No,415,0.0,60,20.183842500870917,0
Optimized_1Hz_Gamma93_target_150,QRDQN,0.9,1Hz,No,416,0.0,60,20.01717583420425,0
Optimized_1Hz_Gamma93_target_150,QRDQN,0.9,1Hz,No,417,-15.0,44,19.98298033009395,1
Optimized_1Hz_Gamma93_target_150,QRDQN,0.9,1Hz,No,418,-15.0,2,18.104306696135616,1
Optimized_1Hz_Gamma93_target_150,QRDQN,0.9,1Hz,No,419,0.0,60,20.01717583420425,0
Optimized_1Hz_Gamma93_target_150,QRDQN,0.9,1Hz,No,420,0.0,60,20.01717583420425,0
Optimized_1Hz_Gamma93_target_150,QRDQN,0.9,1Hz,No,421,-15.0,28,20.7510910732948,1
Optimized_1Hz_Gamma93_target_150,QRDQN,0.9,1Hz,No,422,0.0,60,20.100509167537584,0
Optimized_1Hz_Gamma93_target_150,QRDQN,0.9,1Hz,No,423,0.0,60,20.01717583420425,0
Optimized_1Hz_Gamma93_target_150,QRDQN,0.9,1Hz,No,424,0.0,60,20.01717583420425,0
Optimized_1Hz_Gamma93_target_150,QRDQN,0.9,1Hz,No,425,0.23415103876015414,60,20.350509167537577,0
Optimized_1Hz_Gamma93_target_150,QRDQN,0.9,1Hz,No,426,0.0,60,20.01717583420425,0
Optimized_1Hz_Gamma93_target_150,QRDQN,0.9,1Hz,No,427,0.0,60,20.01717583420425,0
Optimized_1Hz_Gamma93_target_150,QRDQN,0.9,1Hz,No,428,0.0,60,20.100509167537574,0
Optimized_1Hz_Gamma93_target_150,QRDQN,0.9,1Hz,No,429,0.0,60,20.100509167537577,0
Optimized_1Hz_Gamma93_target_150,QRDQN,0.9,1Hz,No,430,0.0,60,20.01717583420425,0
Optimized_1Hz_Gamma93_target_150,QRDQN,0.9,1Hz,No,431,0.0,60,20.01717583420425,0
Optimized_1Hz_Gamma93_target_150,QRDQN,0.9,1Hz,No,432,0.0,60,20.26717583420424,0
Optimized_1Hz_Gamma93_target_150,QRDQN,0.9,1Hz,No,433,0.24269930281659063,60,20.350509167537577,0
Optimized_1Hz_Gamma93_target_150,QRDQN,0.9,1Hz,No,434,0.0,60,20.183842500870615,0
Optimized_1Hz_Gamma93_target_150,QRDQN,0.9,1Hz,No,435,0.0,60,20.100509167537574,0
Optimized_1Hz_Gamma93_target_150,QRDQN,0.9,1Hz,No,436,0.0,60,20.01717583420425,0
Optimized_1Hz_Gamma93_target_150,QRDQN,0.9,1Hz,No,437,0.0,60,20.100509167537577,0
Optimized_1Hz_Gamma93_target_150,QRDQN,0.9,1Hz,No,438,0.0,60,20.100509167537574,0
Optimized_1Hz_Gamma93_target_150,QRDQN,0.9,1Hz,No,439,-15.0,39,19.85259319292651,1
Optimized_1Hz_Gamma93_target_150,QRDQN,0.9,1Hz,No,440,0.0,60,20.100509167537574,0
Optimized_1Hz_Gamma93_target_150,QRDQN,0.9,1Hz,No,441,-15.0,19,20.510379827311624,1
Optimized_1Hz_Gamma93_target_150,QRDQN,0.9,1Hz,No,442,0.0,60,20.01717583420425,0
Optimized_1Hz_Gamma93_target_150,QRDQN,0.9,1Hz,No,443,0.0,60,20.01717583420425,0
Optimized_1Hz_Gamma93_target_150,QRDQN,0.9,1Hz,No,444,0.0,60,20.100509167537584,0
Optimized_1Hz_Gamma93_target_150,QRDQN,0.9,1Hz,No,445,0.0,60,20.01717583420425,0
Optimized_1Hz_Gamma93_target_150,QRDQN,0.9,1Hz,No,446,0.0,60,20.01717583420425,0
Optimized_1Hz_Gamma93_target_150,QRDQN,0.9,1Hz,No,447,0.0,60,20.183842500870913,0
Optimized_1Hz_Gamma93_target_150,QRDQN,0.9,1Hz,No,448,0.0,60,20.100509167537574,0
Optimized_1Hz_Gamma93_target_150,QRDQN,0.9,1Hz,No,449,0.0,60,20.100509167537574,0
Optimized_1Hz_Gamma93_target_150,QRDQN,0.9,1Hz,No,450,0.0,60,20.100509167537574,0
Optimized_1Hz_Gamma93_target_150,QRDQN,0.9,1Hz,No,451,0.0,60,20.01717583420425,0
Optimized_1Hz_Gamma93_target_150,QRDQN,0.9,1Hz,No,452,0.0,60,20.100509167485892,0
Optimized_1Hz_Gamma93_target_150,QRDQN,0.9,1Hz,No,453,0.0,60,20.350509167537574,0
Optimized_1Hz_Gamma93_target_150,QRDQN,0.9,1Hz,No,454,-15.0,7,18.723256507698558,1
Optimized_1Hz_Gamma93_target_150,QRDQN,0.9,1Hz,No,455,-15.0,43,20.080297029638995,1
Optimized_1Hz_Gamma93_target_150,QRDQN,0.9,1Hz,No,456,0.0,60,20.100509167537577,0
Optimized_1Hz_Gamma93_target_150,QRDQN,0.9,1Hz,No,457,-15.0,24,19.968797271838913,1
Optimized_1Hz_Gamma93_target_150,QRDQN,0.9,1Hz,No,458,0.0,60,20.01717583420425,0
Optimized_1Hz_Gamma93_target_150,QRDQN,0.9,1Hz,No,459,0.0,60,20.100509167537584,0
Optimized_1Hz_Gamma93_target_150,QRDQN,0.9,1Hz,No,460,-15.0,52,19.828130510718754,1
Optimized_1Hz_Gamma93_target_150,QRDQN,0.9,1Hz,No,461,0.0,60,20.01717583420425,0
Optimized_1Hz_Gamma93_target_150,QRDQN,0.9,1Hz,No,462,0.23415100237996764,60,20.349939021476793,0
Optimized_1Hz_Gamma93_target_150,QRDQN,0.9,1Hz,No,463,-15.0,40,19.85627836310335,1
Optimized_1Hz_Gamma93_target_150,QRDQN,0.9,1Hz,No,464,-15.0,50,19.772867158114014,1
Optimized_1Hz_Gamma93_target_150,QRDQN,0.9,1Hz,No,465,0.0,60,20.01717583420425,0
Optimized_1Hz_Gamma93_target_150,QRDQN,0.9,1Hz,No,466,0.0,60,20.01717583420425,0
Optimized_1Hz_Gamma93_target_150,QRDQN,0.9,1Hz,No,467,0.23415100237988967,60,20.350509167537574,0
Optimized_1Hz_Gamma93_target_150,QRDQN,0.9,1Hz,No,468,0.0,60,20.01717583420425,0
Optimized_1Hz_Gamma93_target_150,QRDQN,0.9,1Hz,No,469,0.0,60,20.01717583420425,0
Optimized_1Hz_Gamma93_target_150,QRDQN,0.9,1Hz,No,470,0.0,60,20.100509167537584,0
Optimized_1Hz_Gamma93_target_150,QRDQN,0.9,1Hz,No,471,0.0,60,20.01717583420425,0
Optimized_1Hz_Gamma93_target_150,QRDQN,0.9,1Hz,No,472,0.0,60,20.01717583420425,0
Optimized_1Hz_Gamma93_target_150,QRDQN,0.9,1Hz,No,473,0.0,60,20.100509167537584,0
Optimized_1Hz_Gamma93_target_150,QRDQN,0.9,1Hz,No,474,0.0,60,20.01717583420425,0
Optimized_1Hz_Gamma93_target_150,QRDQN,0.9,1Hz,No,475,0.0,60,20.01717583420425,0
Optimized_1Hz_Gamma93_target_150,QRDQN,0.9,1Hz,No,476,0.0,60,20.01717583420425,0
Optimized_1Hz_Gamma93_target_150,QRDQN,0.9,1Hz,No,477,0.0,60,20.100509167537574,0
Optimized_1Hz_Gamma93_target_150,QRDQN,0.9,1Hz,No,478,0.0,60,20.01717583420425,0
Optimized_1Hz_Gamma93_target_150,QRDQN,0.9,1Hz,No,479,-15.0,36,19.910538191088026,1
Optimized_1Hz_Gamma93_target_150,QRDQN,0.9,1Hz,No,480,-15.0,15,19.836478406354562,1
Optimized_1Hz_Gamma93_target_150,QRDQN,0.9,1Hz,No,481,0.0,60,20.01717583420425,0
Optimized_1Hz_Gamma93_target_150,QRDQN,0.9,1Hz,No,482,-15.0,21,19.812513645641033,1
Optimized_1Hz_Gamma93_target_150,QRDQN,0.9,1Hz,No,483,0.0,60,20.01717583420425,0
Optimized_1Hz_Gamma93_target_150,QRDQN,0.9,1Hz,No,484,0.0,60,20.100509167537584,0
Optimized_1Hz_Gamma93_target_150,QRDQN,0.9,1Hz,No,485,0.19997724416005536,60,20.486260896038743,0
Optimized_1Hz_Gamma93_target_150,QRDQN,0.9,1Hz,No,486,-15.0,17,20.250229789743887,1
Optimized_1Hz_Gamma93_target_150,QRDQN,0.9,1Hz,No,487,0.0,60,20.100509167537577,0
Optimized_1Hz_Gamma93_target_150,QRDQN,0.9,1Hz,No,488,0.0,60,20.18384250087091,0
Optimized_1Hz_Gamma93_target_150,QRDQN,0.9,1Hz,No,489,0.0,60,20.01717583420425,0
Optimized_1Hz_Gamma93_target_150,QRDQN,0.9,1Hz,No,490,0.23415100859691265,60,20.350509167537577,0
Optimized_1Hz_Gamma93_target_150,QRDQN,0.9,1Hz,No,491,-15.0,3,19.096693663953214,1
Optimized_1Hz_Gamma93_target_150,QRDQN,0.9,1Hz,No,492,0.0,60,20.100509167537574,0
Optimized_1Hz_Gamma93_target_150,QRDQN,0.9,1Hz,No,493,0.0,60,20.01717583420425,0
Optimized_1Hz_Gamma93_target_150,QRDQN,0.9,1Hz,No,494,0.0,60,20.18384250087091,0
Optimized_1Hz_Gamma93_target_150,QRDQN,0.9,1Hz,No,495,0.0,60,20.01717583420425,0
Optimized_1Hz_Gamma93_target_150,QRDQN,0.9,1Hz,No,496,0.0,60,20.01717583420425,0
Optimized_1Hz_Gamma93_target_150,QRDQN,0.9,1Hz,No,497,0.0,60,20.01717583420425,0
Optimized_1Hz_Gamma93_target_150,QRDQN,0.9,1Hz,No,498,0.0,60,20.267175834193896,0
Optimized_1Hz_Gamma93_target_150,QRDQN,0.9,1Hz,No,499,0.23415100237999392,60,20.43384250087091,0
Optimized_1Hz_Gamma93_target_150,QRDQN,0.9,1Hz,No,500,0.0,60,20.100509167537577,0
Optimized_1Hz_Gamma93_target_150,QRDQN,0.9,1Hz,No,501,0.0,60,20.100509165767715,0
Optimized_1Hz_Gamma93_target_150,QRDQN,0.9,1Hz,No,502,0.0,60,20.100509167537584,0
Optimized_1Hz_Gamma93_target_150,QRDQN,0.9,1Hz,No,503,0.0,60,20.01717583420425,0
Optimized_1Hz_Gamma93_target_150,QRDQN,0.9,1Hz,No,504,-15.0,58,19.93211700960991,1
Optimized_1Hz_Gamma93_target_150,QRDQN,0.9,1Hz,No,505,0.0,60,20.18384250087091,0
Optimized_1Hz_Gamma93_target_150,QRDQN,0.9,1Hz,No,506,0.0,60,20.01717583420425,0
Optimized_1Hz_Gamma93_target_150,QRDQN,0.9,1Hz,No,507,0.0,60,20.100509167537577,0
Optimized_1Hz_Gamma93_target_150,QRDQN,0.9,1Hz,No,508,0.0,60,20.100509167537577,0
Optimized_1Hz_Gamma93_target_150,QRDQN,0.9,1Hz,No,509,0.0,60,20.01717583420425,0
Optimized_1Hz_Gamma93_target_150,QRDQN,0.9,1Hz,No,510,0.0,60,20.100509167537584,0
Optimized_1Hz_Gamma93_target_150,QRDQN,0.9,1Hz,No,511,0.0,60,20.01717583420425,0
Optimized_1Hz_Gamma93_target_150,QRDQN,0.9,1Hz,No,512,0.0,60,20.01717583420425,0
Optimized_1Hz_Gamma93_target_150,QRDQN,0.9,1Hz,No,513,0.0,60,20.01717583420425,0
Optimized_1Hz_Gamma93_target_150,QRDQN,0.9,1Hz,No,514,0.0,60,20.01717583420425,0
Optimized_1Hz_Gamma93_target_150,QRDQN,0.9,1Hz,No,515,-15.0,12,19.31494790668662,1
Optimized_1Hz_Gamma93_target_150,QRDQN,0.9,1Hz,No,516,0.0,60,20.01717583420425,0
Optimized_1Hz_Gamma93_target_150,QRDQN,0.9,1Hz,No,517,0.0,60,20.01717583420425,0
Optimized_1Hz_Gamma93_target_150,QRDQN,0.9,1Hz,No,518,-15.0,52,19.91142251519937,1
Optimized_1Hz_Gamma93_target_150,QRDQN,0.9,1Hz,No,519,0.0,60,20.01717583420425,0
Optimized_1Hz_Gamma93_target_150,QRDQN,0.9,1Hz,No,520,0.0,60,20.100509165767715,0
Optimized_1Hz_Gamma93_target_150,QRDQN,0.9,1Hz,No,521,0.0,60,20.01717583420425,0
Optimized_1Hz_Gamma93_target_150,QRDQN,0.9,1Hz,No,522,0.0,60,20.18384250087091,0
Optimized_1Hz_Gamma93_target_150,QRDQN,0.9,1Hz,No,523,0.0,60,20.100509167537574,0
Optimized_1Hz_Gamma93_target_150,QRDQN,0.9,1Hz,No,524,0.0,60,20.01717583420425,0
Optimized_1Hz_Gamma93_target_150,QRDQN,0.9,1Hz,No,525,0.0,60,20.100509167537318,0
Optimized_1Hz_Gamma93_target_150,QRDQN,0.9,1Hz,No,526,0.24269930281659063,60,20.350509167537577,0
Optimized_1Hz_Gamma93_target_150,QRDQN,0.9,1Hz,No,527,0.0,60,20.100509167536067,0
Optimized_1Hz_Gamma93_target_150,QRDQN,0.9,1Hz,No,528,0.0,60,20.01717583420425,0
Optimized_1Hz_Gamma93_target_150,QRDQN,0.9,1Hz,No,529,-15.0,24,19.62761610655728,1
Optimized_1Hz_Gamma93_target_150,QRDQN,0.9,1Hz,No,530,0.0,60,20.100509167537584,0
Optimized_1Hz_Gamma93_target_150,QRDQN,0.9,1Hz,No,531,-15.0,4,19.924137765899093,1
Optimized_1Hz_Gamma93_target_150,QRDQN,0.9,1Hz,No,532,0.0,60,20.01717583420425,0
Optimized_1Hz_Gamma93_target_150,QRDQN,0.9,1Hz,No,533,0.0,60,20.01717583420425,0
Optimized_1Hz_Gamma93_target_150,QRDQN,0.9,1Hz,No,534,0.0,60,20.01717583420425,0
Optimized_1Hz_Gamma93_target_150,QRDQN,0.9,1Hz,No,535,0.0,60,20.01717583420425,0
Optimized_1Hz_Gamma93_target_150,QRDQN,0.9,1Hz,No,536,0.0,60,20.100509167537577,0
Optimized_1Hz_Gamma93_target_150,QRDQN,0.9,1Hz,No,537,0.24269930281659063,60,20.350509167537577,0
Optimized_1Hz_Gamma93_target_150,QRDQN,0.9,1Hz,No,538,-15.0,21,19.81251364558927,1
Optimized_1Hz_Gamma93_target_150,QRDQN,0.9,1Hz,No,539,0.0,60,20.01717583420425,0
Optimized_1Hz_Gamma93_target_150,QRDQN,0.9,1Hz,No,540,0.0,60,20.100509167537574,0
Optimized_1Hz_Gamma93_target_150,QRDQN,0.9,1Hz,No,541,0.0,60,20.01717583420425,0
Optimized_1Hz_Gamma93_target_150,QRDQN,0.9,1Hz,No,542,-15.0,58,19.845910113058196,1
Optimized_1Hz_Gamma93_target_150,QRDQN,0.9,1Hz,No,543,-15.0,53,19.87490117407564,1
Optimized_1Hz_Gamma93_target_150,QRDQN,0.9,1Hz,No,544,0.0,60,20.01717583420425,0
Optimized_1Hz_Gamma93_target_150,QRDQN,0.9,1Hz,No,545,0.0,60,20.01717583420425,0
Optimized_1Hz_Gamma93_target_150,QRDQN,0.9,1Hz,No,546,0.0,60,20.100509167537584,0
Optimized_1Hz_Gamma93_target_150,QRDQN,0.9,1Hz,No,547,0.0,60,20.01717583420425,0
Optimized_1Hz_Gamma93_target_150,QRDQN,0.9,1Hz,No,548,0.0,60,20.183842500870917,0
Optimized_1Hz_Gamma93_target_150,QRDQN,0.9,1Hz,No,549,0.0,60,20.01717583420425,0
Optimized_1Hz_Gamma93_target_150,QRDQN,0.9,1Hz,No,550,0.0,60,20.01717583420425,0
Optimized_1Hz_Gamma93_target_150,QRDQN,0.9,1Hz,No,551,0.0,60,20.01717583420425,0
Optimized_1Hz_Gamma93_target_150,QRDQN,0.9,1Hz,No,552,0.0,60,20.18384250087091,0
Optimized_1Hz_Gamma93_target_150,QRDQN,0.9,1Hz,No,553,0.0,60,20.100509167537584,0
Optimized_1Hz_Gamma93_target_150,QRDQN,0.9,1Hz,No,554,0.0,60,20.100509167537567,0
Optimized_1Hz_Gamma93_target_150,QRDQN,0.9,1Hz,No,555,0.0,60,20.100509167537577,0
Optimized_1Hz_Gamma93_target_150,QRDQN,0.9,1Hz,No,556,0.0,60,20.18384250087091,0
Optimized_1Hz_Gamma93_target_150,QRDQN,0.9,1Hz,No,557,0.0,60,20.100509167537577,0
Optimized_1Hz_Gamma93_target_150,QRDQN,0.9,1Hz,No,558,0.0,60,20.01717583420425,0
Optimized_1Hz_Gamma93_target_150,QRDQN,0.9,1Hz,No,559,0.0,60,20.100509167537574,0
Optimized_1Hz_Gamma93_target_150,QRDQN,0.9,1Hz,No,560,0.0,60,20.01717583420425,0
Optimized_1Hz_Gamma93_target_150,QRDQN,0.9,1Hz,No,561,0.0,60,20.01717583420425,0
Optimized_1Hz_Gamma93_target_150,QRDQN,0.9,1Hz,No,562,0.0,60,20.01717583420425,0
Optimized_1Hz_Gamma93_target_150,QRDQN,0.9,1Hz,No,563,0.0,60,20.100509167537574,0
Optimized_1Hz_Gamma93_target_150,QRDQN,0.9,1Hz,No,564,0.0,60,20.01717583420425,0
Optimized_1Hz_Gamma93_target_150,QRDQN,0.9,1Hz,No,565,0.0,60,20.100509167537574,0
Optimized_1Hz_Gamma93_target_150,QRDQN,0.9,1Hz,No,566,0.0,60,20.100509167537584,0
Optimized_1Hz_Gamma93_target_150,QRDQN,0.9,1Hz,No,567,-15.0,18,19.466331710575925,1
Optimized_1Hz_Gamma93_target_150,QRDQN,0.9,1Hz,No,568,0.0,60,20.01717583420425,0
Optimized_1Hz_Gamma93_target_150,QRDQN,0.9,1Hz,No,569,-15.0,2,20.500227558399445,1
Optimized_1Hz_Gamma93_target_150,QRDQN,0.9,1Hz,No,570,0.0,60,20.01717583420425,0
Optimized_1Hz_Gamma93_target_150,QRDQN,0.9,1Hz,No,571,0.0,60,20.01717583420425,0
Optimized_1Hz_Gamma93_target_150,QRDQN,0.9,1Hz,No,572,0.0,60,20.16716824892427,0
Optimized_1Hz_Gamma93_target_150,QRDQN,0.9,1Hz,No,573,0.0,60,20.01717583420425,0
Optimized_1Hz_Gamma93_target_150,QRDQN,0.9,1Hz,No,574,0.0,60,20.100509167537584,0
Optimized_1Hz_Gamma93_target_150,QRDQN,0.9,1Hz,No,575,0.0,60,20.100509167537584,0
Optimized_1Hz_Gamma93_target_150,QRDQN,0.9,1Hz,No,576,0.0,60,20.01717583420425,0
Optimized_1Hz_Gamma93_target_150,QRDQN,0.9,1Hz,No,577,0.23415100237996764,60,20.433825851015946,0
Optimized_1Hz_Gamma93_target_150,QRDQN,0.9,1Hz,No,578,0.0,60,20.01717583420425,0
Optimized_1Hz_Gamma93_target_150,QRDQN,0.9,1Hz,No,579,0.0,60,20.100509167537584,0
Optimized_1Hz_Gamma93_target_150,QRDQN,0.9,1Hz,No,580,0.0,60,20.100509167537574,0
Optimized_1Hz_Gamma93_target_150,QRDQN,0.9,1Hz,No,581,0.0,60,20.100509167537584,0
Optimized_1Hz_Gamma93_target_150,QRDQN,0.9,1Hz,No,582,0.0,60,20.01717583420425,0
Optimized_1Hz_Gamma93_target_150,QRDQN,0.9,1Hz,No,583,0.0,60,20.01717583420425,0
Optimized_1Hz_Gamma93_target_150,QRDQN,0.9,1Hz,No,584,0.0,60,20.267175834204238,0
Optimized_1Hz_Gamma93_target_150,QRDQN,0.9,1Hz,No,585,0.0,60,20.100509167537574,0
Optimized_1Hz_Gamma93_target_150,QRDQN,0.9,1Hz,No,586,0.0,60,20.100509167537574,0
Optimized_1Hz_Gamma93_target_150,QRDQN,0.9,1Hz,No,587,0.0,60,20.100509167528745,0
Optimized_1Hz_Gamma93_target_150,QRDQN,0.9,1Hz,No,588,0.0,60,20.01717583420425,0
Optimized_1Hz_Gamma93_target_150,QRDQN,0.9,1Hz,No,589,0.0,60,20.100509167537574,0
Optimized_1Hz_Gamma93_target_150,QRDQN,0.9,1Hz,No,590,0.0,60,20.100509167537584,0
Optimized_1Hz_Gamma93_target_150,QRDQN,0.9,1Hz,No,591,0.0,60,20.100509167537574,0
Optimized_1Hz_Gamma93_target_150,QRDQN,0.9,1Hz,No,592,0.0,60,20.01717583420425,0
Optimized_1Hz_Gamma93_target_150,QRDQN,0.9,1Hz,No,593,0.0,60,20.01717583420425,0
Optimized_1Hz_Gamma93_target_150,QRDQN,0.9,1Hz,No,594,0.0,60,20.01717583420425,0
Optimized_1Hz_Gamma93_target_150,QRDQN,0.9,1Hz,No,595,0.0,60,20.100509167537574,0
Optimized_1Hz_Gamma93_target_150,QRDQN,0.9,1Hz,No,596,0.0,60,20.267090547448515,0
Optimized_1Hz_Gamma93_target_150,QRDQN,0.9,1Hz,No,597,0.0,60,20.183842500870917,0
Optimized_1Hz_Gamma93_target_150,QRDQN,0.9,1Hz,No,598,0.0,60,20.01717583420425,0
Optimized_1Hz_Gamma93_target_150,QRDQN,0.9,1Hz,No,599,0.0,60,20.01717583420425,0
Optimized_1Hz_Gamma93_target_150,QRDQN,0.9,1Hz,No,600,0.0,60,20.01717583420425,0
Optimized_1Hz_Gamma93_target_150,QRDQN,0.9,1Hz,No,601,0.0,60,20.01717583420425,0
Optimized_1Hz_Gamma93_target_150,QRDQN,0.9,1Hz,No,602,0.0,60,20.01717583420425,0
Optimized_1Hz_Gamma93_target_150,QRDQN,0.9,1Hz,No,603,0.0,60,20.086268481318736,0
Optimized_1Hz_Gamma93_target_150,QRDQN,0.9,1Hz,No,604,0.0,60,20.100509167537574,0
Optimized_1Hz_Gamma93_target_150,QRDQN,0.9,1Hz,No,605,0.23415100237997138,60,20.51717583420424,0
Optimized_1Hz_Gamma93_target_150,QRDQN,0.9,1Hz,No,606,0.0,60,20.100509167537584,0
Optimized_1Hz_Gamma93_target_150,QRDQN,0.9,1Hz,No,607,0.0,60,20.267175834204238,0
Optimized_1Hz_Gamma93_target_150,QRDQN,0.9,1Hz,No,608,0.0,60,20.100509167537584,0
Optimized_1Hz_Gamma93_target_150,QRDQN,0.9,1Hz,No,609,0.0,60,20.100509167537584,0
Optimized_1Hz_Gamma93_target_150,QRDQN,0.9,1Hz,No,610,0.0,60,20.01717583420425,0
Optimized_1Hz_Gamma93_target_150,QRDQN,0.9,1Hz,No,611,-15.0,21,19.485101423582485,1
Optimized_1Hz_Gamma93_target_150,QRDQN,0.9,1Hz,No,612,0.0,60,20.100509167537574,0
Optimized_1Hz_Gamma93_target_150,QRDQN,0.9,1Hz,No,613,0.0,60,20.01717583420425,0
Optimized_1Hz_Gamma93_target_150,QRDQN,0.9,1Hz,No,614,0.0,60,20.100509167537584,0
Optimized_1Hz_Gamma93_target_150,QRDQN,0.9,1Hz,No,615,-15.0,37,19.958183034445316,1
Optimized_1Hz_Gamma93_target_150,QRDQN,0.9,1Hz,No,616,0.0,60,20.098075601809782,0
Optimized_1Hz_Gamma93_target_150,QRDQN,0.9,1Hz,No,617,0.0,60,20.18384250087091,0
Optimized_1Hz_Gamma93_target_150,QRDQN,0.9,1Hz,No,618,0.0,60,20.18384250087091,0
Optimized_1Hz_Gamma93_target_150,QRDQN,0.9,1Hz,No,619,0.0,60,20.100509167537584,0
Optimized_1Hz_Gamma93_target_150,QRDQN,0.9,1Hz,No,620,0.0,60,20.01717583420425,0
Optimized_1Hz_Gamma93_target_150,QRDQN,0.9,1Hz,No,621,0.0,60,20.01717583420425,0
Optimized_1Hz_Gamma93_target_150,QRDQN,0.9,1Hz,No,622,0.0,60,20.01717583420425,0
Optimized_1Hz_Gamma93_target_150,QRDQN,0.9,1Hz,No,623,0.0,60,20.01717583420425,0
Optimized_1Hz_Gamma93_target_150,QRDQN,0.9,1Hz,No,624,0.0,60,20.100509167537584,0
Optimized_1Hz_Gamma93_target_150,QRDQN,0.9,1Hz,No,625,0.0,60,20.01717583420425,0
Optimized_1Hz_Gamma93_target_150,QRDQN,0.9,1Hz,No,626,0.0,60,20.01717583420425,0
Optimized_1Hz_Gamma93_target_150,QRDQN,0.9,1Hz,No,627,-15.0,9,19.006976313344214,1
Optimized_1Hz_Gamma93_target_150,QRDQN,0.9,1Hz,No,628,0.0,60,20.01717583420425,0
Optimized_1Hz_Gamma93_target_150,QRDQN,0.9,1Hz,No,629,0.0,60,20.100509167537574,0
Optimized_1Hz_Gamma93_target_150,QRDQN,0.9,1Hz,No,630,0.0,60,20.01717583420425,0
Optimized_1Hz_Gamma93_target_150,QRDQN,0.9,1Hz,No,631,0.0,60,20.100509167537584,0
Optimized_1Hz_Gamma93_target_150,QRDQN,0.9,1Hz,No,632,0.0,60,20.01717583420425,0
Optimized_1Hz_Gamma93_target_150,QRDQN,0.9,1Hz,No,633,0.0,60,20.01717583420425,0
Optimized_1Hz_Gamma93_target_150,QRDQN,0.9,1Hz,No,634,-15.0,36,19.715826187254425,1
Optimized_1Hz_Gamma93_target_150,QRDQN,0.9,1Hz,No,635,0.0,60,20.01717583420425,0
Optimized_1Hz_Gamma93_target_150,QRDQN,0.9,1Hz,No,636,0.0,60,20.100509167537584,0
Optimized_1Hz_Gamma93_target_150,QRDQN,0.9,1Hz,No,637,0.0,60,20.01717583420425,0
Optimized_1Hz_Gamma93_target_150,QRDQN,0.9,1Hz,No,638,0.0,60,20.43384250087091,0
Optimized_1Hz_Gamma93_target_150,QRDQN,0.9,1Hz,No,639,0.24269930281659063,60,20.350509167537577,0
Optimized_1Hz_Gamma93_target_150,QRDQN,0.9,1Hz,No,640,0.0,60,20.01717583420425,0
Optimized_1Hz_Gamma93_target_150,QRDQN,0.9,1Hz,No,641,-14.765848997620033,58,20.177156784879365,1
Optimized_1Hz_Gamma93_target_150,QRDQN,0.9,1Hz,No,642,-15.0,29,19.77137111124167,1
Optimized_1Hz_Gamma93_target_150,QRDQN,0.9,1Hz,No,643,0.0,60,20.01717583420425,0
Optimized_1Hz_Gamma93_target_150,QRDQN,0.9,1Hz,No,644,-15.0,49,20.024637579801617,1
Optimized_1Hz_Gamma93_target_150,QRDQN,0.9,1Hz,No,645,0.0,60,20.26717583414372,0
Optimized_1Hz_Gamma93_target_150,QRDQN,0.9,1Hz,No,646,0.0,60,20.18384250087091,0
Optimized_1Hz_Gamma93_target_150,QRDQN,0.9,1Hz,No,647,0.0,60,20.01717583420425,0
Optimized_1Hz_Gamma93_target_150,QRDQN,0.9,1Hz,No,648,0.0,60,20.01717583420425,0
Optimized_1Hz_Gamma93_target_150,QRDQN,0.9,1Hz,No,649,0.4836956703547464,60,20.600509167537577,0
Optimized_1Hz_Gamma93_target_150,QRDQN,0.9,1Hz,No,650,0.0,60,20.26717583420424,0
Optimized_1Hz_Gamma93_target_150,QRDQN,0.9,1Hz,No,651,0.0,60,20.100509167537574,0
Optimized_1Hz_Gamma93_target_150,QRDQN,0.9,1Hz,No,652,0.0,60,20.100509167537574,0
Optimized_1Hz_Gamma93_target_150,QRDQN,0.9,1Hz,No,653,0.0,60,20.01717583420425,0
Optimized_1Hz_Gamma93_target_150,QRDQN,0.9,1Hz,No,654,0.0,60,20.01717583420425,0
Optimized_1Hz_Gamma93_target_150,QRDQN,0.9,1Hz,No,655,-15.0,37,19.70776026743871,1
Optimized_1Hz_Gamma93_target_150,QRDQN,0.9,1Hz,No,656,0.0,60,20.01717583420425,0
Optimized_1Hz_Gamma93_target_150,QRDQN,0.9,1Hz,No,657,-15.0,43,19.96401795987155,1
Optimized_1Hz_Gamma93_target_150,QRDQN,0.9,1Hz,No,658,0.0,60,20.18384250087091,0
Optimized_1Hz_Gamma93_target_150,QRDQN,0.9,1Hz,No,659,0.0,60,20.01717583420425,0
Optimized_1Hz_Gamma93_target_150,QRDQN,0.9,1Hz,No,660,0.0,60,20.183842500870913,0
Optimized_1Hz_Gamma93_target_150,QRDQN,0.9,1Hz,No,661,0.0,60,20.100509167537584,0
Optimized_1Hz_Gamma93_target_150,QRDQN,0.9,1Hz,No,662,0.0,60,20.01717583420425,0
Optimized_1Hz_Gamma93_target_150,QRDQN,0.9,1Hz,No,663,-15.0,5,19.24144965140716,1
Optimized_1Hz_Gamma93_target_150,QRDQN,0.9,1Hz,No,664,0.0,60,20.01717583420425,0
Optimized_1Hz_Gamma93_target_150,QRDQN,0.9,1Hz,No,665,0.0,60,20.01717583420425,0
Optimized_1Hz_Gamma93_target_150,QRDQN,0.9,1Hz,No,666,-15.0,7,19.95674477100371,1
Optimized_1Hz_Gamma93_target_150,QRDQN,0.9,1Hz,No,667,0.0,60,20.01717583420425,0
Optimized_1Hz_Gamma93_target_150,QRDQN,0.9,1Hz,No,668,0.7324418463462475,60,20.68384250087091,0
Optimized_1Hz_Gamma93_target_150,QRDQN,0.9,1Hz,No,669,0.0,60,20.100509167537574,0
Optimized_1Hz_Gamma93_target_150,QRDQN,0.9,1Hz,No,670,0.0,60,20.01717583420425,0
Optimized_1Hz_Gamma93_target_150,QRDQN,0.9,1Hz,No,671,0.0,60,20.100509167537574,0
Optimized_1Hz_Gamma93_target_150,QRDQN,0.9,1Hz,No,672,0.0,60,20.100509167537574,0
Optimized_1Hz_Gamma93_target_150,QRDQN,0.9,1Hz,No,673,0.0,60,20.01717583420425,0
Optimized_1Hz_Gamma93_target_150,QRDQN,0.9,1Hz,No,674,0.2341510034346518,60,20.43384250087091,0
Optimized_1Hz_Gamma93_target_150,QRDQN,0.9,1Hz,No,675,0.0,60,20.01717583420425,0
Optimized_1Hz_Gamma93_target_150,QRDQN,0.9,1Hz,No,676,0.0,60,20.01717583420425,0
Optimized_1Hz_Gamma93_target_150,QRDQN,0.9,1Hz,No,677,0.0,60,20.01717583420425,0
Optimized_1Hz_Gamma93_target_150,QRDQN,0.9,1Hz,No,678,0.0,60,20.100509167537318,0
Optimized_1Hz_Gamma93_target_150,QRDQN,0.9,1Hz,No,679,0.0,60,20.01717583420425,0
Optimized_1Hz_Gamma93_target_150,QRDQN,0.9,1Hz,No,680,-15.0,58,20.006792599833915,1
Optimized_1Hz_Gamma93_target_150,QRDQN,0.9,1Hz,No,681,-15.0,57,19.91919247000644,1
Optimized_1Hz_Gamma93_target_150,QRDQN,0.9,1Hz,No,682,0.23415100237996764,60,20.350509167537574,0
Optimized_1Hz_Gamma93_target_150,QRDQN,0.9,1Hz,No,683,0.0,60,20.18384250087091,0
Optimized_1Hz_Gamma93_target_150,QRDQN,0.9,1Hz,No,684,0.0,60,20.01717583420425,0
Optimized_1Hz_Gamma93_target_150,QRDQN,0.9,1Hz,No,685,0.0,60,20.100509167537574,0
Optimized_1Hz_Gamma93_target_150,QRDQN,0.9,1Hz,No,686,0.23415100237996764,60,20.350509167537574,0
Optimized_1Hz_Gamma93_target_150,QRDQN,0.9,1Hz,No,687,0.0,60,20.01717583420425,0
Optimized_1Hz_Gamma93_target_150,QRDQN,0.9,1Hz,No,688,0.0,60,20.01717583420425,0
Optimized_1Hz_Gamma93_target_150,QRDQN,0.9,1Hz,No,689,0.0,60,20.01717583420425,0
Optimized_1Hz_Gamma93_target_150,QRDQN,0.9,1Hz,No,690,0.0,60,20.01717583420425,0
Optimized_1Hz_Gamma93_target_150,QRDQN,0.9,1Hz,No,691,0.0,60,20.100509167537574,0
Optimized_1Hz_Gamma93_target_150,QRDQN,0.9,1Hz,No,692,0.0,60,20.01717583420425,0
Optimized_1Hz_Gamma93_target_150,QRDQN,0.9,1Hz,No,693,0.0,60,20.01717583420425,0
Optimized_1Hz_Gamma93_target_150,QRDQN,0.9,1Hz,No,694,-15.0,12,19.864146852471304,1
Optimized_1Hz_Gamma93_target_150,QRDQN,0.9,1Hz,No,695,0.0,60,20.100509167537577,0
Optimized_1Hz_Gamma93_target_150,QRDQN,0.9,1Hz,No,696,0.0,60,20.01717583420425,0
Optimized_1Hz_Gamma93_target_150,QRDQN,0.9,1Hz,No,697,0.0,60,20.01717583420425,0
Optimized_1Hz_Gamma93_target_150,QRDQN,0.9,1Hz,No,698,0.0,60,20.01717583420425,0
Optimized_1Hz_Gamma93_target_150,QRDQN,0.9,1Hz,No,699,0.0,60,20.100509167537574,0
Optimized_1Hz_Gamma93_target_150,QRDQN,0.9,1Hz,No,700,0.0,60,20.01717583420425,0
Optimized_1Hz_Gamma93_target_150,QRDQN,0.9,1Hz,No,701,0.0,60,20.100509167537577,0
Optimized_1Hz_Gamma93_target_150,QRDQN,0.9,1Hz,No,702,0.0,60,20.100509167537567,0
Optimized_1Hz_Gamma93_target_150,QRDQN,0.9,1Hz,No,703,0.0,60,20.100509167537577,0
Optimized_1Hz_Gamma93_target_150,QRDQN,0.9,1Hz,No,704,0.23415100256151983,60,20.350509167537577,0
Optimized_1Hz_Gamma93_target_150,QRDQN,0.9,1Hz,No,705,0.0,60,20.01717583420425,0
Optimized_1Hz_Gamma93_target_150,QRDQN,0.9,1Hz,No,706,0.0,60,20.100509167537574,0
Optimized_1Hz_Gamma93_target_150,QRDQN,0.9,1Hz,No,707,0.48368816745083,60,20.68384250087091,0
Optimized_1Hz_Gamma93_target_150,QRDQN,0.9,1Hz,No,708,0.0,60,20.100509167537574,0
Optimized_1Hz_Gamma93_target_150,QRDQN,0.9,1Hz,No,709,0.0,60,20.26717583243438,0
Optimized_1Hz_Gamma93_target_150,QRDQN,0.9,1Hz,No,710,0.0,60,20.183842500870917,0
Optimized_1Hz_Gamma93_target_150,QRDQN,0.9,1Hz,No,711,0.0,60,20.100509167537584,0
Optimized_1Hz_Gamma93_target_150,QRDQN,0.9,1Hz,No,712,0.0,60,20.01717583420425,0
Optimized_1Hz_Gamma93_target_150,QRDQN,0.9,1Hz,No,713,0.0,60,20.01717583420425,0
Optimized_1Hz_Gamma93_target_150,QRDQN,0.9,1Hz,No,714,0.0,60,20.100509167537574,0
Optimized_1Hz_Gamma93_target_150,QRDQN,0.9,1Hz,No,715,0.0,60,20.01717583420425,0
Optimized_1Hz_Gamma93_target_150,QRDQN,0.9,1Hz,No,716,0.23415100237996764,60,20.350509084447925,0
Optimized_1Hz_Gamma93_target_150,QRDQN,0.9,1Hz,No,717,0.0,60,20.100509167537577,0
Optimized_1Hz_Gamma93_target_150,QRDQN,0.9,1Hz,No,718,0.0,60,20.01717583420425,0
Optimized_1Hz_Gamma93_target_150,QRDQN,0.9,1Hz,No,719,0.23415100256151983,60,20.350509167537577,0
Optimized_1Hz_Gamma93_target_150,QRDQN,0.9,1Hz,No,720,0.0,60,20.01717583420425,0
Optimized_1Hz_Gamma93_target_150,QRDQN,0.9,1Hz,No,721,0.0,60,20.100509167537574,0
Optimized_1Hz_Gamma93_target_150,QRDQN,0.9,1Hz,No,722,0.0,60,20.01717583420425,0
Optimized_1Hz_Gamma93_target_150,QRDQN,0.9,1Hz,No,723,0.0,60,20.18384250081922,0
Optimized_1Hz_Gamma93_target_150,QRDQN,0.9,1Hz,No,724,0.0,60,20.100509167537584,0
Optimized_1Hz_Gamma93_target_150,QRDQN,0.9,1Hz,No,725,0.0,60,20.01717583420425,0
Optimized_1Hz_Gamma93_target_150,QRDQN,0.9,1Hz,No,726,0.2341510023852697,60,20.350509167537574,0
Optimized_1Hz_Gamma93_target_150,QRDQN,0.9,1Hz,No,727,0.0,60,20.100509167537584,0
Optimized_1Hz_Gamma93_target_150,QRDQN,0.9,1Hz,No,728,0.23415100237996764,60,20.350509167537574,0
Optimized_1Hz_Gamma93_target_150,QRDQN,0.9,1Hz,No,729,0.0,60,20.01717583420425,0
Optimized_1Hz_Gamma93_target_150,QRDQN,0.9,1Hz,No,730,0.0,60,20.01717583420425,0
Optimized_1Hz_Gamma93_target_150,QRDQN,0.9,1Hz,No,731,0.0,60,20.26717583420424,0
Optimized_1Hz_Gamma93_target_150,QRDQN,0.9,1Hz,No,732,0.0,60,20.183842500870913,0
Optimized_1Hz_Gamma93_target_150,QRDQN,0.9,1Hz,No,733,0.0,60,20.183842500870917,0
Optimized_1Hz_Gamma93_target_150,QRDQN,0.9,1Hz,No,734,0.0,60,20.01717583420425,0
Optimized_1Hz_Gamma93_target_150,QRDQN,0.9,1Hz,No,735,0.0,60,20.01717583420425,0
Optimized_1Hz_Gamma93_target_150,QRDQN,0.9,1Hz,No,736,-15.0,30,20.04024138034264,1
Optimized_1Hz_Gamma93_target_150,QRDQN,0.9,1Hz,No,737,0.0,60,20.100509167537577,0
Optimized_1Hz_Gamma93_target_150,QRDQN,0.9,1Hz,No,738,0.0,60,20.01717583420425,0
Optimized_1Hz_Gamma93_target_150,QRDQN,0.9,1Hz,No,739,0.0,60,20.10050916753753,0
Optimized_1Hz_Gamma93_target_150,QRDQN,0.9,1Hz,No,740,0.0,60,20.183842500870917,0
Optimized_1Hz_Gamma93_target_150,QRDQN,0.9,1Hz,No,741,0.0,60,20.18384250087091,0
Optimized_1Hz_Gamma93_target_150,QRDQN,0.9,1Hz,No,742,0.0,60,20.01717583420425,0
Optimized_1Hz_Gamma93_target_150,QRDQN,0.9,1Hz,No,743,0.0,60,20.100509167537574,0
Optimized_1Hz_Gamma93_target_150,QRDQN,0.9,1Hz,No,744,-15.0,8,20.024432934950582,1
Optimized_1Hz_Gamma93_target_150,QRDQN,0.9,1Hz,No,745,-14.765848997619127,43,20.40212304169756,1
Optimized_1Hz_Gamma93_target_150,QRDQN,0.9,1Hz,No,746,0.0,60,20.01717583420425,0
Optimized_1Hz_Gamma93_target_150,QRDQN,0.9,1Hz,No,747,0.0,60,20.100509167537584,0
Optimized_1Hz_Gamma93_target_150,QRDQN,0.9,1Hz,No,748,0.0,60,20.35050916576771,0
Optimized_1Hz_Gamma93_target_150,QRDQN,0.9,1Hz,No,749,0.0,60,20.01717583420425,0
Optimized_1Hz_Gamma93_target_150,QRDQN,0.9,1Hz,No,750,0.0,60,20.01717583420425,0
Optimized_1Hz_Gamma93_target_150,QRDQN,0.9,1Hz,No,751,0.0,60,20.01717583420425,0
Optimized_1Hz_Gamma93_target_150,QRDQN,0.9,1Hz,No,752,0.0,60,20.01717583420425,0
Optimized_1Hz_Gamma93_target_150,QRDQN,0.9,1Hz,No,753,0.0,60,20.01717583420425,0
Optimized_1Hz_Gamma93_target_150,QRDQN,0.9,1Hz,No,754,-15.0,53,19.909348339366247,1
Optimized_1Hz_Gamma93_target_150,QRDQN,0.9,1Hz,No,755,0.0,60,20.01717583420425,0
Optimized_1Hz_Gamma93_target_150,QRDQN,0.9,1Hz,No,756,0.0,60,20.100509167537577,0
Optimized_1Hz_Gamma93_target_150,QRDQN,0.9,1Hz,No,757,0.0,60,20.01717583420425,0
Optimized_1Hz_Gamma93_target_150,QRDQN,0.9,1Hz,No,758,0.0,60,20.01717583420425,0
Optimized_1Hz_Gamma93_target_150,QRDQN,0.9,1Hz,No,759,0.23415100341134548,60,20.683842500870902,0
Optimized_1Hz_Gamma93_target_150,QRDQN,0.9,1Hz,No,760,0.0,60,20.100509167537574,0
Optimized_1Hz_Gamma93_target_150,QRDQN,0.9,1Hz,No,761,0.0,60,20.100509167537574,0
Optimized_1Hz_Gamma93_target_150,QRDQN,0.9,1Hz,No,762,0.0,60,20.01717583420425,0
Optimized_1Hz_Gamma93_target_150,QRDQN,0.9,1Hz,No,763,0.0,60,20.100509167537584,0
Optimized_1Hz_Gamma93_target_150,QRDQN,0.9,1Hz,No,764,0.0,60,20.01717583420425,0
Optimized_1Hz_Gamma93_target_150,QRDQN,0.9,1Hz,No,765,0.0,60,20.01717583420425,0
Optimized_1Hz_Gamma93_target_150,QRDQN,0.9,1Hz,No,766,0.0,60,20.01717583420425,0
Optimized_1Hz_Gamma93_target_150,QRDQN,0.9,1Hz,No,767,0.0,60,20.18384250087091,0
Optimized_1Hz_Gamma93_target_150,QRDQN,0.9,1Hz,No,768,-15.0,16,19.91520986923137,1
Optimized_1Hz_Gamma93_target_150,QRDQN,0.9,1Hz,No,769,0.0,60,20.01717583420425,0
Optimized_1Hz_Gamma93_target_150,QRDQN,0.9,1Hz,No,770,0.0,60,20.01717583420425,0
Optimized_1Hz_Gamma93_target_150,QRDQN,0.9,1Hz,No,771,0.0,60,20.18384250056846,0
Optimized_1Hz_Gamma93_target_150,QRDQN,0.9,1Hz,No,772,0.0,60,20.100509167537577,0
Optimized_1Hz_Gamma93_target_150,QRDQN,0.9,1Hz,No,773,0.0,60,20.100497023039505,0
Optimized_1Hz_Gamma93_target_150,QRDQN,0.9,1Hz,No,774,0.0,60,20.01717583420425,0
Optimized_1Hz_Gamma93_target_150,QRDQN,0.9,1Hz,No,775,0.0,60,20.01717583420425,0
Optimized_1Hz_Gamma93_target_150,QRDQN,0.9,1Hz,No,776,0.0,60,20.100509167537577,0
Optimized_1Hz_Gamma93_target_150,QRDQN,0.9,1Hz,No,777,0.0,60,20.01717583420425,0
Optimized_1Hz_Gamma93_target_150,QRDQN,0.9,1Hz,No,778,0.0,60,20.100509167537574,0
Optimized_1Hz_Gamma93_target_150,QRDQN,0.9,1Hz,No,779,0.0,60,20.01717583420425,0
Optimized_1Hz_Gamma93_target_150,QRDQN,0.9,1Hz,No,780,0.0,60,20.100509167537584,0
Optimized_1Hz_Gamma93_target_150,QRDQN,0.9,1Hz,No,781,0.0,60,20.01717583420425,0
Optimized_1Hz_Gamma93_target_150,QRDQN,0.9,1Hz,No,782,0.0,60,20.183842500870913,0
Optimized_1Hz_Gamma93_target_150,QRDQN,0.9,1Hz,No,783,0.0,60,20.01717583420425,0
Optimized_1Hz_Gamma93_target_150,QRDQN,0.9,1Hz,No,784,0.0,60,20.183842500870917,0
Optimized_1Hz_Gamma93_target_150,QRDQN,0.9,1Hz,No,785,0.0,60,20.18384250087091,0
Optimized_1Hz_Gamma93_target_150,QRDQN,0.9,1Hz,No,786,0.0,60,20.01717583420425,0
Optimized_1Hz_Gamma93_target_150,QRDQN,0.9,1Hz,No,787,0.0,60,20.100509167537577,0
Optimized_1Hz_Gamma93_target_150,QRDQN,0.9,1Hz,No,788,0.0,60,20.01717583420425,0
Optimized_1Hz_Gamma93_target_150,QRDQN,0.9,1Hz,No,789,-15.0,20,20.364564539649752,1
Optimized_1Hz_Gamma93_target_150,QRDQN,0.9,1Hz,No,790,0.0,60,20.100509167537574,0
Optimized_1Hz_Gamma93_target_150,QRDQN,0.9,1Hz,No,791,0.0,60,20.01717583420425,0
Optimized_1Hz_Gamma93_target_150,QRDQN,0.9,1Hz,No,792,-15.0,34,19.85869005842385,1
Optimized_1Hz_Gamma93_target_150,QRDQN,0.9,1Hz,No,793,0.0,60,20.183842500870906,0
Optimized_1Hz_Gamma93_target_150,QRDQN,0.9,1Hz,No,794,0.0,60,20.01717583420425,0
Optimized_1Hz_Gamma93_target_150,QRDQN,0.9,1Hz,No,795,0.0,60,20.18384250087091,0
Optimized_1Hz_Gamma93_target_150,QRDQN,0.9,1Hz,No,796,0.0,60,20.01717583420425,0
Optimized_1Hz_Gamma93_target_150,QRDQN,0.9,1Hz,No,797,-15.0,5,18.67398173633375,1
Optimized_1Hz_Gamma93_target_150,QRDQN,0.9,1Hz,No,798,0.0,60,20.01717583420425,0
Optimized_1Hz_Gamma93_target_150,QRDQN,0.9,1Hz,No,799,-15.0,27,19.80628676819108,1
Optimized_1Hz_Gamma93_target_150,QRDQN,0.9,1Hz,No,800,-15.0,13,20.079273080934232,1
Optimized_1Hz_Gamma93_target_150,QRDQN,0.9,1Hz,No,801,0.0,60,20.01717583420425,0
Optimized_1Hz_Gamma93_target_150,QRDQN,0.9,1Hz,No,802,0.0,60,20.100509167537577,0
Optimized_1Hz_Gamma93_target_150,QRDQN,0.9,1Hz,No,803,0.0,60,20.183842500870913,0
Optimized_1Hz_Gamma93_target_150,QRDQN,0.9,1Hz,No,804,0.0,60,20.01717583420425,0
Optimized_1Hz_Gamma93_target_150,QRDQN,0.9,1Hz,No,805,0.0,60,20.01717583420425,0
Optimized_1Hz_Gamma93_target_150,QRDQN,0.9,1Hz,No,806,0.0,60,20.100509167537577,0
Optimized_1Hz_Gamma93_target_150,QRDQN,0.9,1Hz,No,807,0.0,60,20.01717583420425,0
Optimized_1Hz_Gamma93_target_150,QRDQN,0.9,1Hz,No,808,0.0,60,20.100509167536067,0
Optimized_1Hz_Gamma93_target_150,QRDQN,0.9,1Hz,No,809,0.0,60,20.100509167537577,0
Optimized_1Hz_Gamma93_target_150,QRDQN,0.9,1Hz,No,810,0.0,60,20.01717583420425,0
Optimized_1Hz_Gamma93_target_150,QRDQN,0.9,1Hz,No,811,0.0,60,20.266676755049282,0
Optimized_1Hz_Gamma93_target_150,QRDQN,0.9,1Hz,No,812,0.0,60,20.100509167537574,0
Optimized_1Hz_Gamma93_target_150,QRDQN,0.9,1Hz,No,813,0.0,60,20.01717583420425,0
Optimized_1Hz_Gamma93_target_150,QRDQN,0.9,1Hz,No,814,0.0,60,20.18384250087091,0
Optimized_1Hz_Gamma93_target_150,QRDQN,0.9,1Hz,No,815,0.0,60,20.100509167537574,0
Optimized_1Hz_Gamma93_target_150,QRDQN,0.9,1Hz,No,816,0.0,60,20.01717583420425,0
Optimized_1Hz_Gamma93_target_150,QRDQN,0.9,1Hz,No,817,0.0,60,20.01717583420425,0
Optimized_1Hz_Gamma93_target_150,QRDQN,0.9,1Hz,No,818,0.24269930281659063,60,20.350509167537577,0
Optimized_1Hz_Gamma93_target_150,QRDQN,0.9,1Hz,No,819,0.0,60,20.183842500870913,0
Optimized_1Hz_Gamma93_target_150,QRDQN,0.9,1Hz,No,820,0.0,60,20.01717583420425,0
Optimized_1Hz_Gamma93_target_150,QRDQN,0.9,1Hz,No,821,-15.0,26,20.00751776870811,1
Optimized_1Hz_Gamma93_target_150,QRDQN,0.9,1Hz,No,822,-15.0,5,17.954034494307756,1
Optimized_1Hz_Gamma93_target_150,QRDQN,0.9,1Hz,No,823,0.0,60,20.100509167537574,0
Optimized_1Hz_Gamma93_target_150,QRDQN,0.9,1Hz,No,824,0.2371989379077341,60,20.43384250087091,0
Optimized_1Hz_Gamma93_target_150,QRDQN,0.9,1Hz,No,825,0.0,60,20.100509167537584,0
Optimized_1Hz_Gamma93_target_150,QRDQN,0.9,1Hz,No,826,0.0,60,20.01717583420425,0
Optimized_1Hz_Gamma93_target_150,QRDQN,0.9,1Hz,No,827,0.0,60,20.100509167537584,0
Optimized_1Hz_Gamma93_target_150,QRDQN,0.9,1Hz,No,828,0.0,60,20.100509167537577,0
Optimized_1Hz_Gamma93_target_150,QRDQN,0.9,1Hz,No,829,0.0,60,20.100509167537574,0
Optimized_1Hz_Gamma93_target_150,QRDQN,0.9,1Hz,No,830,0.0,60,20.350509167537574,0
Optimized_1Hz_Gamma93_target_150,QRDQN,0.9,1Hz,No,831,0.23440063659165028,60,20.433842500870913,0
Optimized_1Hz_Gamma93_target_150,QRDQN,0.9,1Hz,No,832,0.0,60,20.01717583420425,0
Optimized_1Hz_Gamma93_target_150,QRDQN,0.9,1Hz,No,833,0.0,60,20.01717583420425,0
Optimized_1Hz_Gamma93_target_150,QRDQN,0.9,1Hz,No,834,-15.0,60,19.99495361198203,1
Optimized_1Hz_Gamma93_target_150,QRDQN,0.9,1Hz,No,835,0.47538953764147057,60,20.76717583420424,0
Optimized_1Hz_Gamma93_target_150,QRDQN,0.9,1Hz,No,836,0.0,60,20.100509167537577,0
Optimized_1Hz_Gamma93_target_150,QRDQN,0.9,1Hz,No,837,0.0,60,20.100509167537577,0
Optimized_1Hz_Gamma93_target_150,QRDQN,0.9,1Hz,No,838,0.0,60,20.18384250087091,0
Optimized_1Hz_Gamma93_target_150,QRDQN,0.9,1Hz,No,839,0.0,60,20.01717583420425,0
Optimized_1Hz_Gamma93_target_150,QRDQN,0.9,1Hz,No,840,0.0,60,20.100509167537584,0
Optimized_1Hz_Gamma93_target_150,QRDQN,0.9,1Hz,No,841,-15.0,24,20.09547044970813,1
Optimized_1Hz_Gamma93_target_150,QRDQN,0.9,1Hz,No,842,0.0,60,20.01717583420425,0
Optimized_1Hz_Gamma93_target_150,QRDQN,0.9,1Hz,No,843,0.0,60,20.18384250087091,0
Optimized_1Hz_Gamma93_target_150,QRDQN,0.9,1Hz,No,844,-15.0,4,17.297506864960297,1
Optimized_1Hz_Gamma93_target_150,QRDQN,0.9,1Hz,No,845,0.0,60,20.26717583420424,0
Optimized_1Hz_Gamma93_target_150,QRDQN,0.9,1Hz,No,846,0.0,60,20.01717583420425,0
Optimized_1Hz_Gamma93_target_150,QRDQN,0.9,1Hz,No,847,0.0,60,20.100509167537574,0
Optimized_1Hz_Gamma93_target_150,QRDQN,0.9,1Hz,No,848,0.0,60,20.01717583420425,0
Optimized_1Hz_Gamma93_target_150,QRDQN,0.9,1Hz,No,849,0.0,60,20.100508812884364,0
Optimized_1Hz_Gamma93_target_150,QRDQN,0.9,1Hz,No,850,0.0,60,20.01717583420425,0
Optimized_1Hz_Gamma93_target_150,QRDQN,0.9,1Hz,No,851,0.0,60,20.01717583420425,0
Optimized_1Hz_Gamma93_target_150,QRDQN,0.9,1Hz,No,852,-15.0,24,19.735139912737512,1
Optimized_1Hz_Gamma93_target_150,QRDQN,0.9,1Hz,No,853,-15.0,60,19.904185575402234,1
Optimized_1Hz_Gamma93_target_150,QRDQN,0.9,1Hz,No,854,0.0,60,20.18384250087091,0
Optimized_1Hz_Gamma93_target_150,QRDQN,0.9,1Hz,No,855,0.24269930281659063,60,20.433842490514053,0
Optimized_1Hz_Gamma93_target_150,QRDQN,0.9,1Hz,No,856,0.0,60,20.01717583420425,0
Optimized_1Hz_Gamma93_target_150,QRDQN,0.9,1Hz,No,857,-14.765849041498202,25,20.701885923244774,1
Optimized_1Hz_Gamma93_target_150,QRDQN,0.9,1Hz,No,858,0.0,60,20.100509167537574,0
Optimized_1Hz_Gamma93_target_150,QRDQN,0.9,1Hz,No,859,-15.0,37,19.897493011088628,1
Optimized_1Hz_Gamma93_target_150,QRDQN,0.9,1Hz,No,860,0.0,60,20.01717583420425,0
Optimized_1Hz_Gamma93_target_150,QRDQN,0.9,1Hz,No,861,0.0,60,20.183842498798597,0
Optimized_1Hz_Gamma93_target_150,QRDQN,0.9,1Hz,No,862,0.0,60,20.100509167537584,0
Optimized_1Hz_Gamma93_target_150,QRDQN,0.9,1Hz,No,863,0.0,60,20.01717583420425,0
Optimized_1Hz_Gamma93_target_150,QRDQN,0.9,1Hz,No,864,0.0,60,20.01717583420425,0
Optimized_1Hz_Gamma93_target_150,QRDQN,0.9,1Hz,No,865,0.0,60,20.01717583420425,0
Optimized_1Hz_Gamma93_target_150,QRDQN,0.9,1Hz,No,866,0.0,60,20.100509167537577,0
Optimized_1Hz_Gamma93_target_150,QRDQN,0.9,1Hz,No,867,0.0,60,20.01717583420425,0
Optimized_1Hz_Gamma93_target_150,QRDQN,0.9,1Hz,No,868,0.0,60,20.01717583420425,0
Optimized_1Hz_Gamma93_target_150,QRDQN,0.9,1Hz,No,869,0.0,60,20.01717583420425,0
Optimized_1Hz_Gamma93_target_150,QRDQN,0.9,1Hz,No,870,0.0,60,20.01717583420425,0
Optimized_1Hz_Gamma93_target_150,QRDQN,0.9,1Hz,No,871,-15.0,50,19.79539485482319,1
Optimized_1Hz_Gamma93_target_150,QRDQN,0.9,1Hz,No,872,0.0,60,20.100509167536067,0
Optimized_1Hz_Gamma93_target_150,QRDQN,0.9,1Hz,No,873,0.0,60,20.100509167537577,0
Optimized_1Hz_Gamma93_target_150,QRDQN,0.9,1Hz,No,874,0.0,60,20.100509167537574,0
Optimized_1Hz_Gamma93_target_150,QRDQN,0.9,1Hz,No,875,0.0,60,20.100509167537577,0
Optimized_1Hz_Gamma93_target_150,QRDQN,0.9,1Hz,No,876,0.0,60,20.01717583420425,0
Optimized_1Hz_Gamma93_target_150,QRDQN,0.9,1Hz,No,877,0.0,60,20.01717583420425,0
Optimized_1Hz_Gamma93_target_150,QRDQN,0.9,1Hz,No,878,0.0,60,20.01717583420425,0
Optimized_1Hz_Gamma93_target_150,QRDQN,0.9,1Hz,No,879,0.0,60,20.01717583420425,0
Optimized_1Hz_Gamma93_target_150,QRDQN,0.9,1Hz,No,880,0.0,60,20.01717583420425,0
Optimized_1Hz_Gamma93_target_150,QRDQN,0.9,1Hz,No,881,0.0,60,20.01717583420425,0
Optimized_1Hz_Gamma93_target_150,QRDQN,0.9,1Hz,No,882,0.0,60,20.01717583420425,0
Optimized_1Hz_Gamma93_target_150,QRDQN,0.9,1Hz,No,883,0.0,60,20.100509167537584,0
Optimized_1Hz_Gamma93_target_150,QRDQN,0.9,1Hz,No,884,0.0,60,20.01717583420425,0
Optimized_1Hz_Gamma93_target_150,QRDQN,0.9,1Hz,No,885,0.0,60,20.01717583420425,0
Optimized_1Hz_Gamma93_target_150,QRDQN,0.9,1Hz,No,886,0.0,60,20.01717583420425,0
Optimized_1Hz_Gamma93_target_150,QRDQN,0.9,1Hz,No,887,0.0,60,20.01717583420425,0
Optimized_1Hz_Gamma93_target_150,QRDQN,0.9,1Hz,No,888,0.0,60,20.01717583420425,0
Optimized_1Hz_Gamma93_target_150,QRDQN,0.9,1Hz,No,889,0.0,60,20.01717583420425,0
Optimized_1Hz_Gamma93_target_150,QRDQN,0.9,1Hz,No,890,0.0,60,20.01717583420425,0
Optimized_1Hz_Gamma93_target_150,QRDQN,0.9,1Hz,No,891,0.0,60,20.01717583420425,0
Optimized_1Hz_Gamma93_target_150,QRDQN,0.9,1Hz,No,892,0.0,60,20.01717583420425,0
Optimized_1Hz_Gamma93_target_150,QRDQN,0.9,1Hz,No,893,0.0,60,20.01717583420425,0
Optimized_1Hz_Gamma93_target_150,QRDQN,0.9,1Hz,No,894,0.0,60,20.18384250087091,0
Optimized_1Hz_Gamma93_target_150,QRDQN,0.9,1Hz,No,895,0.0,60,20.01717583420425,0
Optimized_1Hz_Gamma93_target_150,QRDQN,0.9,1Hz,No,896,-15.0,4,19.051820368994818,1
Optimized_1Hz_Gamma93_target_150,QRDQN,0.9,1Hz,No,897,0.0,60,20.01717583420425,0
Optimized_1Hz_Gamma93_target_150,QRDQN,0.9,1Hz,No,898,0.0,60,20.01717583420425,0
Optimized_1Hz_Gamma93_target_150,QRDQN,0.9,1Hz,No,899,0.0,60,20.100509167537318,0
Optimized_1Hz_Gamma93_target_150,QRDQN,0.9,1Hz,No,900,-15.0,35,19.993421221175982,1
Optimized_1Hz_Gamma93_target_150,QRDQN,0.9,1Hz,No,901,0.0,60,20.01717583420425,0
Optimized_1Hz_Gamma93_target_150,QRDQN,0.9,1Hz,No,902,0.0,60,20.01717583420425,0
Optimized_1Hz_Gamma93_target_150,QRDQN,0.9,1Hz,No,903,-15.0,46,19.855864396217576,1
Optimized_1Hz_Gamma93_target_150,QRDQN,0.9,1Hz,No,904,-15.0,37,19.693063727181094,1
Optimized_1Hz_Gamma93_target_150,QRDQN,0.9,1Hz,No,905,0.0,60,20.01717583420425,0
Optimized_1Hz_Gamma93_target_150,QRDQN,0.9,1Hz,No,906,0.2371989379084889,60,20.517175834204235,0
Optimized_1Hz_Gamma93_target_150,QRDQN,0.9,1Hz,No,907,0.0,60,20.100509167537574,0
Optimized_1Hz_Gamma93_target_150,QRDQN,0.9,1Hz,No,908,0.0,60,20.267175834204245,0
Optimized_1Hz_Gamma93_target_150,QRDQN,0.9,1Hz,No,909,0.0,60,20.01717583420425,0
Optimized_1Hz_Gamma93_target_150,QRDQN,0.9,1Hz,No,910,0.0,60,20.01717583420425,0
Optimized_1Hz_Gamma93_target_150,QRDQN,0.9,1Hz,No,911,0.0,60,20.01717583420425,0
Optimized_1Hz_Gamma93_target_150,QRDQN,0.9,1Hz,No,912,0.0,60,20.01717583420425,0
Optimized_1Hz_Gamma93_target_150,QRDQN,0.9,1Hz,No,913,0.23415100237996764,60,20.350509167537226,0
Optimized_1Hz_Gamma93_target_150,QRDQN,0.9,1Hz,No,914,0.0,60,20.01717583420425,0
Optimized_1Hz_Gamma93_target_150,QRDQN,0.9,1Hz,No,915,0.0,60,20.18384250087091,0
Optimized_1Hz_Gamma93_target_150,QRDQN,0.9,1Hz,No,916,0.0,60,20.01717583420425,0
Optimized_1Hz_Gamma93_target_150,QRDQN,0.9,1Hz,No,917,0.0,60,20.01717583420425,0
Optimized_1Hz_Gamma93_target_150,QRDQN,0.9,1Hz,No,918,0.0,60,20.01717583420425,0
Optimized_1Hz_Gamma93_target_150,QRDQN,0.9,1Hz,No,919,0.0,60,20.01717583420425,0
Optimized_1Hz_Gamma93_target_150,QRDQN,0.9,1Hz,No,920,0.0,60,20.01717583420425,0
Optimized_1Hz_Gamma93_target_150,QRDQN,0.9,1Hz,No,921,-15.0,16,19.486210929948115,1
Optimized_1Hz_Gamma93_target_150,QRDQN,0.9,1Hz,No,922,0.23415100256151983,60,20.433842500869392,0
Optimized_1Hz_Gamma93_target_150,QRDQN,0.9,1Hz,No,923,-15.0,27,19.784708527605336,1
Optimized_1Hz_Gamma93_target_150,QRDQN,0.9,1Hz,No,924,0.0,60,20.01717583420425,0
Optimized_1Hz_Gamma93_target_150,QRDQN,0.9,1Hz,No,925,0.0,60,20.01717583420425,0
Optimized_1Hz_Gamma93_target_150,QRDQN,0.9,1Hz,No,926,0.0,60,20.18384250087091,0
Optimized_1Hz_Gamma93_target_150,QRDQN,0.9,1Hz,No,927,0.0,60,20.01717583420425,0
Optimized_1Hz_Gamma93_target_150,QRDQN,0.9,1Hz,No,928,0.0,60,20.01717583420425,0
Optimized_1Hz_Gamma93_target_150,QRDQN,0.9,1Hz,No,929,0.0,60,20.01717583420425,0
Optimized_1Hz_Gamma93_target_150,QRDQN,0.9,1Hz,No,930,0.0,60,20.18384250087091,0
Optimized_1Hz_Gamma93_target_150,QRDQN,0.9,1Hz,No,931,0.0,60,20.01717583420425,0
Optimized_1Hz_Gamma93_target_150,QRDQN,0.9,1Hz,No,932,-15.0,36,19.84030929233705,1
Optimized_1Hz_Gamma93_target_150,QRDQN,0.9,1Hz,No,933,0.0,60,20.01717583420425,0
Optimized_1Hz_Gamma93_target_150,QRDQN,0.9,1Hz,No,934,0.0,60,20.01717583420425,0
Optimized_1Hz_Gamma93_target_150,QRDQN,0.9,1Hz,No,935,0.0,60,20.01717583420425,0
Optimized_1Hz_Gamma93_target_150,QRDQN,0.9,1Hz,No,936,0.0,60,20.01717583420425,0
Optimized_1Hz_Gamma93_target_150,QRDQN,0.9,1Hz,No,937,-15.0,33,19.672337269552497,1
Optimized_1Hz_Gamma93_target_150,QRDQN,0.9,1Hz,No,938,0.0,60,20.01717583420425,0
Optimized_1Hz_Gamma93_target_150,QRDQN,0.9,1Hz,No,939,0.0,60,20.01717583420425,0
Optimized_1Hz_Gamma93_target_150,QRDQN,0.9,1Hz,No,940,0.0,60,20.100509167537577,0
Optimized_1Hz_Gamma93_target_150,QRDQN,0.9,1Hz,No,941,0.0,60,20.01717583420425,0
Optimized_1Hz_Gamma93_target_150,QRDQN,0.9,1Hz,No,942,0.0,60,20.01717583420425,0
Optimized_1Hz_Gamma93_target_150,QRDQN,0.9,1Hz,No,943,-15.0,17,19.982189218760055,1
Optimized_1Hz_Gamma93_target_150,QRDQN,0.9,1Hz,No,944,0.0,60,20.01717583420425,0
Optimized_1Hz_Gamma93_target_150,QRDQN,0.9,1Hz,No,945,0.0,60,20.100509167537574,0
Optimized_1Hz_Gamma93_target_150,QRDQN,0.9,1Hz,No,946,0.0,60,20.01717583420425,0
Optimized_1Hz_Gamma93_target_150,QRDQN,0.9,1Hz,No,947,0.0,60,20.01717583420425,0
Optimized_1Hz_Gamma93_target_150,QRDQN,0.9,1Hz,No,948,0.0,60,20.01717583420425,0
Optimized_1Hz_Gamma93_target_150,QRDQN,0.9,1Hz,No,949,0.0,60,20.26717583420424,0
Optimized_1Hz_Gamma93_target_150,QRDQN,0.9,1Hz,No,950,0.0,60,20.183828281021,0
Optimized_1Hz_Gamma93_target_150,QRDQN,0.9,1Hz,No,951,0.0,60,20.183842500870913,0
Optimized_1Hz_Gamma93_target_150,QRDQN,0.9,1Hz,No,952,0.0,60,20.01717583420425,0
Optimized_1Hz_Gamma93_target_150,QRDQN,0.9,1Hz,No,953,0.0,60,20.18384250087091,0
Optimized_1Hz_Gamma93_target_150,QRDQN,0.9,1Hz,No,954,0.0,60,20.183830356372837,0
Optimized_1Hz_Gamma93_target_150,QRDQN,0.9,1Hz,No,955,0.0,60,20.01717583420425,0
Optimized_1Hz_Gamma93_target_150,QRDQN,0.9,1Hz,No,956,0.0,60,20.01717583420425,0
Optimized_1Hz_Gamma93_target_150,QRDQN,0.9,1Hz,No,957,0.0,60,20.100509167537574,0
Optimized_1Hz_Gamma93_target_150,QRDQN,0.9,1Hz,No,958,-15.0,59,20.14326732668605,1
Optimized_1Hz_Gamma93_target_150,QRDQN,0.9,1Hz,No,959,0.0,60,20.18384250087091,0
Optimized_1Hz_Gamma93_target_150,QRDQN,0.9,1Hz,No,960,0.0,60,20.01717583420425,0
Optimized_1Hz_Gamma93_target_150,QRDQN,0.9,1Hz,No,961,0.0,60,20.01717583420425,0
Optimized_1Hz_Gamma93_target_150,QRDQN,0.9,1Hz,No,962,0.0,60,20.01717583420425,0
Optimized_1Hz_Gamma93_target_150,QRDQN,0.9,1Hz,No,963,0.0,60,20.100509167537574,0
Optimized_1Hz_Gamma93_target_150,QRDQN,0.9,1Hz,No,964,0.0,60,20.183842500870917,0
Optimized_1Hz_Gamma93_target_150,QRDQN,0.9,1Hz,No,965,0.0,60,20.100509167537574,0
Optimized_1Hz_Gamma93_target_150,QRDQN,0.9,1Hz,No,966,0.0,60,20.100509167537584,0
Optimized_1Hz_Gamma93_target_150,QRDQN,0.9,1Hz,No,967,0.0,60,20.26717583420424,0
Optimized_1Hz_Gamma93_target_150,QRDQN,0.9,1Hz,No,968,0.0,60,20.18384250087091,0
Optimized_1Hz_Gamma93_target_150,QRDQN,0.9,1Hz,No,969,0.0,60,20.100509167537318,0
Optimized_1Hz_Gamma93_target_150,QRDQN,0.9,1Hz,No,970,0.0,60,20.01717583420425,0
Optimized_1Hz_Gamma93_target_150,QRDQN,0.9,1Hz,No,971,0.0,60,20.01717583420425,0
Optimized_1Hz_Gamma93_target_150,QRDQN,0.9,1Hz,No,972,0.0,60,20.100509167537574,0
Optimized_1Hz_Gamma93_target_150,QRDQN,0.9,1Hz,No,973,0.23415100238012237,60,20.350509167537574,0
Optimized_1Hz_Gamma93_target_150,QRDQN,0.9,1Hz,No,974,0.23415100859691354,60,20.350509167537577,0
Optimized_1Hz_Gamma93_target_150,QRDQN,0.9,1Hz,No,975,0.0,60,20.01717583420425,0
Optimized_1Hz_Gamma93_target_150,QRDQN,0.9,1Hz,No,976,-15.0,18,19.39928499417957,1
Optimized_1Hz_Gamma93_target_150,QRDQN,0.9,1Hz,No,977,0.0,60,20.100509167537584,0
Optimized_1Hz_Gamma93_target_150,QRDQN,0.9,1Hz,No,978,0.23415100256151983,60,20.350509167537577,0
Optimized_1Hz_Gamma93_target_150,QRDQN,0.9,1Hz,No,979,-15.0,19,19.870902530620477,1
Optimized_1Hz_Gamma93_target_150,QRDQN,0.9,1Hz,No,980,-15.0,52,19.927062334813066,1
Optimized_1Hz_Gamma93_target_150,QRDQN,0.9,1Hz,No,981,-15.0,45,19.85874128679334,1
Optimized_1Hz_Gamma93_target_150,QRDQN,0.9,1Hz,No,982,0.0,60,20.01717583420425,0
Optimized_1Hz_Gamma93_target_150,QRDQN,0.9,1Hz,No,983,0.0,60,20.100509167537574,0
Optimized_1Hz_Gamma93_target_150,QRDQN,0.9,1Hz,No,984,-15.0,31,19.877652948718683,1
Optimized_1Hz_Gamma93_target_150,QRDQN,0.9,1Hz,No,985,0.0,60,20.183842500870913,0
Optimized_1Hz_Gamma93_target_150,QRDQN,0.9,1Hz,No,986,0.0,60,20.01717583420425,0
Optimized_1Hz_Gamma93_target_150,QRDQN,0.9,1Hz,No,987,0.0,60,20.01717583420425,0
Optimized_1Hz_Gamma93_target_150,QRDQN,0.9,1Hz,No,988,0.0,60,20.01717583420425,0
Optimized_1Hz_Gamma93_target_150,QRDQN,0.9,1Hz,No,989,0.0,60,20.01717583420425,0
Optimized_1Hz_Gamma93_target_150,QRDQN,0.9,1Hz,No,990,0.0,60,20.01717583420425,0
Optimized_1Hz_Gamma93_target_150,QRDQN,0.9,1Hz,No,991,0.0,60,20.100509167537584,0
Optimized_1Hz_Gamma93_target_150,QRDQN,0.9,1Hz,No,992,0.0,60,20.01717583420425,0
Optimized_1Hz_Gamma93_target_150,QRDQN,0.9,1Hz,No,993,-15.0,33,19.977307106791933,1
Optimized_1Hz_Gamma93_target_150,QRDQN,0.9,1Hz,No,994,0.0,60,20.01717583420425,0
Optimized_1Hz_Gamma93_target_150,QRDQN,0.9,1Hz,No,995,0.23415100237996764,60,20.35050916753756,0
Optimized_1Hz_Gamma93_target_150,QRDQN,0.9,1Hz,No,996,-15.0,19,19.46156540742943,1
Optimized_1Hz_Gamma93_target_150,QRDQN,0.9,1Hz,No,997,0.0,60,20.01717583420425,0
Optimized_1Hz_Gamma93_target_150,QRDQN,0.9,1Hz,No,998,0.0,60,20.01717583420425,0
Optimized_1Hz_Gamma93_target_150,QRDQN,0.9,1Hz,No,999,0.0,60,20.01717583420425,0
Optimized_1Hz_Gamma93_target_150,QRDQN,0.9,1Hz,No,1000,0.24269930281659063,60,20.60050916753757,0
